time,replicate,oxygen,condition,experiment_name,experiment_date,cell_number
0,NV1,0.27,1mM_NO2,NO2_dependency_and_revival_exp_12_rep,22.04.2025,61219741.48
0,NV2,0.27,1mM_NO2,NO2_dependency_and_revival_exp_12_rep,22.04.2025,61219741.48
0,NV3,0.27,1mM_NO2,NO2_dependency_and_revival_exp_12_rep,22.04.2025,61219741.48
0,NV4,0.36,1mM_NO2,NO2_dependency_and_revival_exp_12_rep,22.04.2025,61219741.48
0,NV5,0.95,0mM_NO2,NO2_dependency_and_revival_exp_12_rep,22.04.2025,61219741.48
0,NV6,0.96,0mM_NO2,NO2_dependency_and_revival_exp_12_rep,22.04.2025,61219741.48
0,NV7,0.29,0mM_NO2,NO2_dependency_and_revival_exp_12_rep,22.04.2025,61219741.48
0,NV8,0.3,0mM_NO2,NO2_dependency_and_revival_exp_12_rep,22.04.2025,61219741.48
0.016666667,NV1,0.66,1mM_NO2,NO2_dependency_and_revival_exp_12_rep,22.04.2025,61219741.48
0.016666667,NV2,0.94,1mM_NO2,NO2_dependency_and_revival_exp_12_rep,22.04.2025,61219741.48
0.016666667,NV3,0.76,1mM_NO2,NO2_dependency_and_revival_exp_12_rep,22.04.2025,61219741.48
0.016666667,NV4,0.7,1mM_NO2,NO2_dependency_and_revival_exp_12_rep,22.04.2025,61219741.48
0.016666667,NV5,1.5,0mM_NO2,NO2_dependency_and_revival_exp_12_rep,22.04.2025,61219741.48
0.016666667,NV6,1.9,0mM_NO2,NO2_dependency_and_revival_exp_12_rep,22.04.2025,61219741.48
0.016666667,NV7,1,0mM_NO2,NO2_dependency_and_revival_exp_12_rep,22.04.2025,61219741.48
0.016666667,NV8,0.97,0mM_NO2,NO2_dependency_and_revival_exp_12_rep,22.04.2025,61219741.48
0.083333333,NV1,0.26,1mM_NO2,NO2_dependency_and_revival_exp_12_rep,22.04.2025,61219741.48
0.083333333,NV2,0.26,1mM_NO2,NO2_dependency_and_revival_exp_12_rep,22.04.2025,61219741.48
0.083333333,NV3,0.3,1mM_NO2,NO2_dependency_and_revival_exp_12_rep,22.04.2025,61219741.48
0.083333333,NV4,0.36,1mM_NO2,NO2_dependency_and_revival_exp_12_rep,22.04.2025,61219741.48
0.083333333,NV5,0.4,0mM_NO2,NO2_dependency_and_revival_exp_12_rep,22.04.2025,61219741.48
0.083333333,NV6,0.56,0mM_NO2,NO2_dependency_and_revival_exp_12_rep,22.04.2025,61219741.48
0.083333333,NV7,0.33,0mM_NO2,NO2_dependency_and_revival_exp_12_rep,22.04.2025,61219741.48
0.083333333,NV8,0.24,0mM_NO2,NO2_dependency_and_revival_exp_12_rep,22.04.2025,61219741.48
0.166666667,NV1,0.29,1mM_NO2,NO2_dependency_and_revival_exp_12_rep,22.04.2025,61219741.48
0.166666667,NV2,0.27,1mM_NO2,NO2_dependency_and_revival_exp_12_rep,22.04.2025,61219741.48
0.166666667,NV3,0.35,1mM_NO2,NO2_dependency_and_revival_exp_12_rep,22.04.2025,61219741.48
0.166666667,NV4,0.41,1mM_NO2,NO2_dependency_and_revival_exp_12_rep,22.04.2025,61219741.48
0.166666667,NV5,0.31,0mM_NO2,NO2_dependency_and_revival_exp_12_rep,22.04.2025,61219741.48
0.166666667,NV6,0.24,0mM_NO2,NO2_dependency_and_revival_exp_12_rep,22.04.2025,61219741.48
0.166666667,NV7,0.21,0mM_NO2,NO2_dependency_and_revival_exp_12_rep,22.04.2025,61219741.48
0.166666667,NV8,0.18,0mM_NO2,NO2_dependency_and_revival_exp_12_rep,22.04.2025,61219741.48
0.333333333,NV1,0.35,1mM_NO2,NO2_dependency_and_revival_exp_12_rep,22.04.2025,61219741.48
0.333333333,NV2,0.28,1mM_NO2,NO2_dependency_and_revival_exp_12_rep,22.04.2025,61219741.48
0.333333333,NV3,0.39,1mM_NO2,NO2_dependency_and_revival_exp_12_rep,22.04.2025,61219741.48
0.333333333,NV4,0.46,1mM_NO2,NO2_dependency_and_revival_exp_12_rep,22.04.2025,61219741.48
0.333333333,NV5,0.28,0mM_NO2,NO2_dependency_and_revival_exp_12_rep,22.04.2025,61219741.48
0.333333333,NV6,0.18,0mM_NO2,NO2_dependency_and_revival_exp_12_rep,22.04.2025,61219741.48
0.333333333,NV7,0.2,0mM_NO2,NO2_dependency_and_revival_exp_12_rep,22.04.2025,61219741.48
0.333333333,NV8,0.18,0mM_NO2,NO2_dependency_and_revival_exp_12_rep,22.04.2025,61219741.48
0.5,NV1,0.43,1mM_NO2,NO2_dependency_and_revival_exp_12_rep,22.04.2025,61219741.48
0.5,NV2,0.33,1mM_NO2,NO2_dependency_and_revival_exp_12_rep,22.04.2025,61219741.48
0.5,NV3,0.49,1mM_NO2,NO2_dependency_and_revival_exp_12_rep,22.04.2025,61219741.48
0.5,NV4,0.56,1mM_NO2,NO2_dependency_and_revival_exp_12_rep,22.04.2025,61219741.48
0.5,NV5,0.26,0mM_NO2,NO2_dependency_and_revival_exp_12_rep,22.04.2025,61219741.48
0.5,NV6,0.19,0mM_NO2,NO2_dependency_and_revival_exp_12_rep,22.04.2025,61219741.48
0.5,NV7,0.2,0mM_NO2,NO2_dependency_and_revival_exp_12_rep,22.04.2025,61219741.48
0.5,NV8,0.2,0mM_NO2,NO2_dependency_and_revival_exp_12_rep,22.04.2025,61219741.48
0.75,NV1,0.56,1mM_NO2,NO2_dependency_and_revival_exp_12_rep,22.04.2025,61219741.48
0.75,NV2,0.49,1mM_NO2,NO2_dependency_and_revival_exp_12_rep,22.04.2025,61219741.48
0.75,NV3,0.65,1mM_NO2,NO2_dependency_and_revival_exp_12_rep,22.04.2025,61219741.48
0.75,NV4,0.79,1mM_NO2,NO2_dependency_and_revival_exp_12_rep,22.04.2025,61219741.48
0.75,NV5,0.3,0mM_NO2,NO2_dependency_and_revival_exp_12_rep,22.04.2025,61219741.48
0.75,NV6,0.22,0mM_NO2,NO2_dependency_and_revival_exp_12_rep,22.04.2025,61219741.48
0.75,NV7,0.23,0mM_NO2,NO2_dependency_and_revival_exp_12_rep,22.04.2025,61219741.48
0.75,NV8,0.22,0mM_NO2,NO2_dependency_and_revival_exp_12_rep,22.04.2025,61219741.48
1,NV1,0.67,1mM_NO2,NO2_dependency_and_revival_exp_12_rep,22.04.2025,61219741.48
1,NV2,0.6,1mM_NO2,NO2_dependency_and_revival_exp_12_rep,22.04.2025,61219741.48
1,NV3,0.76,1mM_NO2,NO2_dependency_and_revival_exp_12_rep,22.04.2025,61219741.48
1,NV4,0.84,1mM_NO2,NO2_dependency_and_revival_exp_12_rep,22.04.2025,61219741.48
1,NV5,0.31,0mM_NO2,NO2_dependency_and_revival_exp_12_rep,22.04.2025,61219741.48
1,NV6,0.23,0mM_NO2,NO2_dependency_and_revival_exp_12_rep,22.04.2025,61219741.48
1,NV7,0.22,0mM_NO2,NO2_dependency_and_revival_exp_12_rep,22.04.2025,61219741.48
1,NV8,0.22,0mM_NO2,NO2_dependency_and_revival_exp_12_rep,22.04.2025,61219741.48
1.5,NV1,0.82,1mM_NO2,NO2_dependency_and_revival_exp_12_rep,22.04.2025,61219741.48
1.5,NV2,0.83,1mM_NO2,NO2_dependency_and_revival_exp_12_rep,22.04.2025,61219741.48
1.5,NV3,0.83,1mM_NO2,NO2_dependency_and_revival_exp_12_rep,22.04.2025,61219741.48
1.5,NV4,1,1mM_NO2,NO2_dependency_and_revival_exp_12_rep,22.04.2025,61219741.48
1.5,NV5,0.3,0mM_NO2,NO2_dependency_and_revival_exp_12_rep,22.04.2025,61219741.48
1.5,NV6,0.23,0mM_NO2,NO2_dependency_and_revival_exp_12_rep,22.04.2025,61219741.48
1.5,NV7,0.21,0mM_NO2,NO2_dependency_and_revival_exp_12_rep,22.04.2025,61219741.48
1.5,NV8,0.23,0mM_NO2,NO2_dependency_and_revival_exp_12_rep,22.04.2025,61219741.48
2.5,NV1,1.2,1mM_NO2,NO2_dependency_and_revival_exp_12_rep,22.04.2025,61219741.48
2.5,NV2,1.2,1mM_NO2,NO2_dependency_and_revival_exp_12_rep,22.04.2025,61219741.48
2.5,NV3,1.3,1mM_NO2,NO2_dependency_and_revival_exp_12_rep,22.04.2025,61219741.48
2.5,NV4,1.5,1mM_NO2,NO2_dependency_and_revival_exp_12_rep,22.04.2025,61219741.48
2.5,NV5,0.34,0mM_NO2,NO2_dependency_and_revival_exp_12_rep,22.04.2025,61219741.48
2.5,NV6,0.23,0mM_NO2,NO2_dependency_and_revival_exp_12_rep,22.04.2025,61219741.48
2.5,NV7,0.22,0mM_NO2,NO2_dependency_and_revival_exp_12_rep,22.04.2025,61219741.48
2.5,NV8,0.25,0mM_NO2,NO2_dependency_and_revival_exp_12_rep,22.04.2025,61219741.48
3.5,NV1,1.5,1mM_NO2,NO2_dependency_and_revival_exp_12_rep,22.04.2025,61219741.48
3.5,NV2,1.7,1mM_NO2,NO2_dependency_and_revival_exp_12_rep,22.04.2025,61219741.48
3.5,NV3,1.6,1mM_NO2,NO2_dependency_and_revival_exp_12_rep,22.04.2025,61219741.48
3.5,NV4,1.9,1mM_NO2,NO2_dependency_and_revival_exp_12_rep,22.04.2025,61219741.48
3.5,NV5,0.38,0mM_NO2,NO2_dependency_and_revival_exp_12_rep,22.04.2025,61219741.48
3.5,NV6,0.24,0mM_NO2,NO2_dependency_and_revival_exp_12_rep,22.04.2025,61219741.48
3.5,NV7,0.25,0mM_NO2,NO2_dependency_and_revival_exp_12_rep,22.04.2025,61219741.48
3.5,NV8,0.26,0mM_NO2,NO2_dependency_and_revival_exp_12_rep,22.04.2025,61219741.48
6,NV1,2.1,1mM_NO2,NO2_dependency_and_revival_exp_12_rep,22.04.2025,61219741.48
6,NV2,2.2,1mM_NO2,NO2_dependency_and_revival_exp_12_rep,22.04.2025,61219741.48
6,NV3,2.2,1mM_NO2,NO2_dependency_and_revival_exp_12_rep,22.04.2025,61219741.48
6,NV4,2.5,1mM_NO2,NO2_dependency_and_revival_exp_12_rep,22.04.2025,61219741.48
6,NV5,0.34,0mM_NO2,NO2_dependency_and_revival_exp_12_rep,22.04.2025,61219741.48
6,NV6,0.27,0mM_NO2,NO2_dependency_and_revival_exp_12_rep,22.04.2025,61219741.48
6,NV7,0.25,0mM_NO2,NO2_dependency_and_revival_exp_12_rep,22.04.2025,61219741.48
6,NV8,0.26,0mM_NO2,NO2_dependency_and_revival_exp_12_rep,22.04.2025,61219741.48
7,NV1,2.3,1mM_NO2,NO2_dependency_and_revival_exp_12_rep,22.04.2025,61219741.48
7,NV2,2.3,1mM_NO2,NO2_dependency_and_revival_exp_12_rep,22.04.2025,61219741.48
7,NV3,2.4,1mM_NO2,NO2_dependency_and_revival_exp_12_rep,22.04.2025,61219741.48
7,NV4,2.7,1mM_NO2,NO2_dependency_and_revival_exp_12_rep,22.04.2025,61219741.48
7,NV5,0.34,0mM_NO2,NO2_dependency_and_revival_exp_12_rep,22.04.2025,61219741.48
7,NV6,0.27,0mM_NO2,NO2_dependency_and_revival_exp_12_rep,22.04.2025,61219741.48
7,NV7,0.27,0mM_NO2,NO2_dependency_and_revival_exp_12_rep,22.04.2025,61219741.48
7,NV8,0.26,0mM_NO2,NO2_dependency_and_revival_exp_12_rep,22.04.2025,61219741.48
24,NV1,3.5,1mM_NO2,NO2_dependency_and_revival_exp_12_rep,22.04.2025,61219741.48
24,NV2,3.3,1mM_NO2,NO2_dependency_and_revival_exp_12_rep,22.04.2025,61219741.48
24,NV3,3.6,1mM_NO2,NO2_dependency_and_revival_exp_12_rep,22.04.2025,61219741.48
24,NV4,4,1mM_NO2,NO2_dependency_and_revival_exp_12_rep,22.04.2025,61219741.48
24,NV5,0.37,0mM_NO2,NO2_dependency_and_revival_exp_12_rep,22.04.2025,61219741.48
24,NV6,0.28,0mM_NO2,NO2_dependency_and_revival_exp_12_rep,22.04.2025,61219741.48
24,NV7,0.31,0mM_NO2,NO2_dependency_and_revival_exp_12_rep,22.04.2025,61219741.48
24,NV8,0.32,0mM_NO2,NO2_dependency_and_revival_exp_12_rep,22.04.2025,61219741.48
0,NV1,0.2,1mM NO2 +2mM NH4,NH4_independence_repeat,29.04.2025,66491048.59
0,NV2,0.22,1mM NO2 +2mM NH4,NH4_independence_repeat,29.04.2025,66491048.59
0,NV3,0.31,1mM NO2 +2mM NH4,NH4_independence_repeat,29.04.2025,66491048.59
0,NV4,0.31,1mM NO2 +0mM NH4,NH4_independence_repeat,29.04.2025,66491048.59
0,NV5,0.25,1mM NO2 +0mM NH4,NH4_independence_repeat,29.04.2025,66491048.59
0,NV6,0.26,1mM NO2 +0mM NH4,NH4_independence_repeat,29.04.2025,66491048.59
0,NV7,0.67,0mM NO2,NH4_independence_repeat,29.04.2025,66491048.59
0,NV8,0.49,0mM NO2,NH4_independence_repeat,29.04.2025,66491048.59
0.016666667,NV1,0.72,1mM NO2 +2mM NH4,NH4_independence_repeat,29.04.2025,66491048.59
0.016666667,NV2,0.69,1mM NO2 +2mM NH4,NH4_independence_repeat,29.04.2025,66491048.59
0.016666667,NV3,0.82,1mM NO2 +2mM NH4,NH4_independence_repeat,29.04.2025,66491048.59
0.016666667,NV4,0.84,1mM NO2 +0mM NH4,NH4_independence_repeat,29.04.2025,66491048.59
0.016666667,NV5,1.4,1mM NO2 +0mM NH4,NH4_independence_repeat,29.04.2025,66491048.59
0.016666667,NV6,1,1mM NO2 +0mM NH4,NH4_independence_repeat,29.04.2025,66491048.59
0.016666667,NV7,1.4,0mM NO2,NH4_independence_repeat,29.04.2025,66491048.59
0.016666667,NV8,1.6,0mM NO2,NH4_independence_repeat,29.04.2025,66491048.59
0.083333333,NV1,0.26,1mM NO2 +2mM NH4,NH4_independence_repeat,29.04.2025,66491048.59
0.083333333,NV2,0.26,1mM NO2 +2mM NH4,NH4_independence_repeat,29.04.2025,66491048.59
0.083333333,NV3,0.37,1mM NO2 +2mM NH4,NH4_independence_repeat,29.04.2025,66491048.59
0.083333333,NV4,0.84,1mM NO2 +0mM NH4,NH4_independence_repeat,29.04.2025,66491048.59
0.083333333,NV5,1.4,1mM NO2 +0mM NH4,NH4_independence_repeat,29.04.2025,66491048.59
0.083333333,NV6,0.97,1mM NO2 +0mM NH4,NH4_independence_repeat,29.04.2025,66491048.59
0.083333333,NV7,0.77,0mM NO2,NH4_independence_repeat,29.04.2025,66491048.59
0.083333333,NV8,0.76,0mM NO2,NH4_independence_repeat,29.04.2025,66491048.59
0.166666667,NV1,0.21,1mM NO2 +2mM NH4,NH4_independence_repeat,29.04.2025,66491048.59
0.166666667,NV2,0.23,1mM NO2 +2mM NH4,NH4_independence_repeat,29.04.2025,66491048.59
0.166666667,NV3,0.38,1mM NO2 +2mM NH4,NH4_independence_repeat,29.04.2025,66491048.59
0.166666667,NV4,0.7,1mM NO2 +0mM NH4,NH4_independence_repeat,29.04.2025,66491048.59
0.166666667,NV5,1.3,1mM NO2 +0mM NH4,NH4_independence_repeat,29.04.2025,66491048.59
0.166666667,NV6,0.83,1mM NO2 +0mM NH4,NH4_independence_repeat,29.04.2025,66491048.59
0.166666667,NV7,0.32,0mM NO2,NH4_independence_repeat,29.04.2025,66491048.59
0.166666667,NV8,0.19,0mM NO2,NH4_independence_repeat,29.04.2025,66491048.59
0.25,NV1,0.25,1mM NO2 +2mM NH4,NH4_independence_repeat,29.04.2025,66491048.59
0.25,NV2,0.27,1mM NO2 +2mM NH4,NH4_independence_repeat,29.04.2025,66491048.59
0.25,NV3,0.45,1mM NO2 +2mM NH4,NH4_independence_repeat,29.04.2025,66491048.59
0.25,NV4,0.57,1mM NO2 +0mM NH4,NH4_independence_repeat,29.04.2025,66491048.59
0.25,NV5,1.1,1mM NO2 +0mM NH4,NH4_independence_repeat,29.04.2025,66491048.59
0.25,NV6,0.7,1mM NO2 +0mM NH4,NH4_independence_repeat,29.04.2025,66491048.59
0.25,NV7,0.24,0mM NO2,NH4_independence_repeat,29.04.2025,66491048.59
0.25,NV8,0.18,0mM NO2,NH4_independence_repeat,29.04.2025,66491048.59
0.333333333,NV1,0.3,1mM NO2 +2mM NH4,NH4_independence_repeat,29.04.2025,66491048.59
0.333333333,NV2,0.33,1mM NO2 +2mM NH4,NH4_independence_repeat,29.04.2025,66491048.59
0.333333333,NV3,0.53,1mM NO2 +2mM NH4,NH4_independence_repeat,29.04.2025,66491048.59
0.333333333,NV4,0.44,1mM NO2 +0mM NH4,NH4_independence_repeat,29.04.2025,66491048.59
0.333333333,NV5,1,1mM NO2 +0mM NH4,NH4_independence_repeat,29.04.2025,66491048.59
0.333333333,NV6,0.57,1mM NO2 +0mM NH4,NH4_independence_repeat,29.04.2025,66491048.59
0.333333333,NV7,0.23,0mM NO2,NH4_independence_repeat,29.04.2025,66491048.59
0.333333333,NV8,0.19,0mM NO2,NH4_independence_repeat,29.04.2025,66491048.59
0.5,NV1,0.42,1mM NO2 +2mM NH4,NH4_independence_repeat,29.04.2025,66491048.59
0.5,NV2,0.44,1mM NO2 +2mM NH4,NH4_independence_repeat,29.04.2025,66491048.59
0.5,NV3,0.65,1mM NO2 +2mM NH4,NH4_independence_repeat,29.04.2025,66491048.59
0.5,NV4,0.29,1mM NO2 +0mM NH4,NH4_independence_repeat,29.04.2025,66491048.59
0.5,NV5,0.87,1mM NO2 +0mM NH4,NH4_independence_repeat,29.04.2025,66491048.59
0.5,NV6,0.41,1mM NO2 +0mM NH4,NH4_independence_repeat,29.04.2025,66491048.59
0.5,NV7,0.22,0mM NO2,NH4_independence_repeat,29.04.2025,66491048.59
0.5,NV8,0.19,0mM NO2,NH4_independence_repeat,29.04.2025,66491048.59
1,NV1,0.71,1mM NO2 +2mM NH4,NH4_independence_repeat,29.04.2025,66491048.59
1,NV2,0.78,1mM NO2 +2mM NH4,NH4_independence_repeat,29.04.2025,66491048.59
1,NV3,1,1mM NO2 +2mM NH4,NH4_independence_repeat,29.04.2025,66491048.59
1,NV4,0.5,1mM NO2 +0mM NH4,NH4_independence_repeat,29.04.2025,66491048.59
1,NV5,0.31,1mM NO2 +0mM NH4,NH4_independence_repeat,29.04.2025,66491048.59
1,NV6,0.39,1mM NO2 +0mM NH4,NH4_independence_repeat,29.04.2025,66491048.59
1,NV7,0.26,0mM NO2,NH4_independence_repeat,29.04.2025,66491048.59
1,NV8,0.21,0mM NO2,NH4_independence_repeat,29.04.2025,66491048.59
1.5,NV1,0.85,1mM NO2 +2mM NH4,NH4_independence_repeat,29.04.2025,66491048.59
1.5,NV2,1,1mM NO2 +2mM NH4,NH4_independence_repeat,29.04.2025,66491048.59
1.5,NV3,1.3,1mM NO2 +2mM NH4,NH4_independence_repeat,29.04.2025,66491048.59
1.5,NV4,0.74,1mM NO2 +0mM NH4,NH4_independence_repeat,29.04.2025,66491048.59
1.5,NV5,0.44,1mM NO2 +0mM NH4,NH4_independence_repeat,29.04.2025,66491048.59
1.5,NV6,0.46,1mM NO2 +0mM NH4,NH4_independence_repeat,29.04.2025,66491048.59
1.5,NV7,0.21,0mM NO2,NH4_independence_repeat,29.04.2025,66491048.59
1.5,NV8,0.21,0mM NO2,NH4_independence_repeat,29.04.2025,66491048.59
2,NV1,1.2,1mM NO2 +2mM NH4,NH4_independence_repeat,29.04.2025,66491048.59
2,NV2,1.4,1mM NO2 +2mM NH4,NH4_independence_repeat,29.04.2025,66491048.59
2,NV3,1.7,1mM NO2 +2mM NH4,NH4_independence_repeat,29.04.2025,66491048.59
2,NV4,1,1mM NO2 +0mM NH4,NH4_independence_repeat,29.04.2025,66491048.59
2,NV5,0.97,1mM NO2 +0mM NH4,NH4_independence_repeat,29.04.2025,66491048.59
2,NV6,1.1,1mM NO2 +0mM NH4,NH4_independence_repeat,29.04.2025,66491048.59
2,NV7,0.23,0mM NO2,NH4_independence_repeat,29.04.2025,66491048.59
2,NV8,0.22,0mM NO2,NH4_independence_repeat,29.04.2025,66491048.59
2.75,NV1,1.4,1mM NO2 +2mM NH4,NH4_independence_repeat,29.04.2025,66491048.59
2.75,NV2,1.6,1mM NO2 +2mM NH4,NH4_independence_repeat,29.04.2025,66491048.59
2.75,NV3,1.9,1mM NO2 +2mM NH4,NH4_independence_repeat,29.04.2025,66491048.59
2.75,NV4,1.2,1mM NO2 +0mM NH4,NH4_independence_repeat,29.04.2025,66491048.59
2.75,NV5,1.3,1mM NO2 +0mM NH4,NH4_independence_repeat,29.04.2025,66491048.59
2.75,NV6,1.2,1mM NO2 +0mM NH4,NH4_independence_repeat,29.04.2025,66491048.59
2.75,NV7,0.22,0mM NO2,NH4_independence_repeat,29.04.2025,66491048.59
2.75,NV8,0.23,0mM NO2,NH4_independence_repeat,29.04.2025,66491048.59
3.5,NV1,1.9,1mM NO2 +2mM NH4,NH4_independence_repeat,29.04.2025,66491048.59
3.5,NV2,1.9,1mM NO2 +2mM NH4,NH4_independence_repeat,29.04.2025,66491048.59
3.5,NV3,2.2,1mM NO2 +2mM NH4,NH4_independence_repeat,29.04.2025,66491048.59
3.5,NV4,1.5,1mM NO2 +0mM NH4,NH4_independence_repeat,29.04.2025,66491048.59
3.5,NV5,1.7,1mM NO2 +0mM NH4,NH4_independence_repeat,29.04.2025,66491048.59
3.5,NV6,1.5,1mM NO2 +0mM NH4,NH4_independence_repeat,29.04.2025,66491048.59
3.5,NV7,0.23,0mM NO2,NH4_independence_repeat,29.04.2025,66491048.59
3.5,NV8,0.25,0mM NO2,NH4_independence_repeat,29.04.2025,66491048.59
4.25,NV1,2.1,1mM NO2 +2mM NH4,NH4_independence_repeat,29.04.2025,66491048.59
4.25,NV2,2.2,1mM NO2 +2mM NH4,NH4_independence_repeat,29.04.2025,66491048.59
4.25,NV3,2.5,1mM NO2 +2mM NH4,NH4_independence_repeat,29.04.2025,66491048.59
4.25,NV4,1.7,1mM NO2 +0mM NH4,NH4_independence_repeat,29.04.2025,66491048.59
4.25,NV5,2,1mM NO2 +0mM NH4,NH4_independence_repeat,29.04.2025,66491048.59
4.25,NV6,1.8,1mM NO2 +0mM NH4,NH4_independence_repeat,29.04.2025,66491048.59
4.25,NV7,0.25,0mM NO2,NH4_independence_repeat,29.04.2025,66491048.59
4.25,NV8,0.26,0mM NO2,NH4_independence_repeat,29.04.2025,66491048.59
5,NV1,2.3,1mM NO2 +2mM NH4,NH4_independence_repeat,29.04.2025,66491048.59
5,NV2,2.4,1mM NO2 +2mM NH4,NH4_independence_repeat,29.04.2025,66491048.59
5,NV3,2.7,1mM NO2 +2mM NH4,NH4_independence_repeat,29.04.2025,66491048.59
5,NV4,1.9,1mM NO2 +0mM NH4,NH4_independence_repeat,29.04.2025,66491048.59
5,NV5,2.3,1mM NO2 +0mM NH4,NH4_independence_repeat,29.04.2025,66491048.59
5,NV6,1.9,1mM NO2 +0mM NH4,NH4_independence_repeat,29.04.2025,66491048.59
5,NV7,0.25,0mM NO2,NH4_independence_repeat,29.04.2025,66491048.59
5,NV8,0.24,0mM NO2,NH4_independence_repeat,29.04.2025,66491048.59
6,NV1,2.5,1mM NO2 +2mM NH4,NH4_independence_repeat,29.04.2025,66491048.59
6,NV2,2.7,1mM NO2 +2mM NH4,NH4_independence_repeat,29.04.2025,66491048.59
6,NV3,3,1mM NO2 +2mM NH4,NH4_independence_repeat,29.04.2025,66491048.59
6,NV4,2.2,1mM NO2 +0mM NH4,NH4_independence_repeat,29.04.2025,66491048.59
6,NV5,2.7,1mM NO2 +0mM NH4,NH4_independence_repeat,29.04.2025,66491048.59
6,NV6,2.3,1mM NO2 +0mM NH4,NH4_independence_repeat,29.04.2025,66491048.59
6,NV7,0.26,0mM NO2,NH4_independence_repeat,29.04.2025,66491048.59
6,NV8,0.28,0mM NO2,NH4_independence_repeat,29.04.2025,66491048.59
7,NV1,2.6,1mM NO2 +2mM NH4,NH4_independence_repeat,29.04.2025,66491048.59
7,NV2,2.8,1mM NO2 +2mM NH4,NH4_independence_repeat,29.04.2025,66491048.59
7,NV3,3.1,1mM NO2 +2mM NH4,NH4_independence_repeat,29.04.2025,66491048.59
7,NV4,2.3,1mM NO2 +0mM NH4,NH4_independence_repeat,29.04.2025,66491048.59
7,NV5,2.8,1mM NO2 +0mM NH4,NH4_independence_repeat,29.04.2025,66491048.59
7,NV6,2.4,1mM NO2 +0mM NH4,NH4_independence_repeat,29.04.2025,66491048.59
7,NV7,0.26,0mM NO2,NH4_independence_repeat,29.04.2025,66491048.59
7,NV8,0.28,0mM NO2,NH4_independence_repeat,29.04.2025,66491048.59
22,NV1,3.4,1mM NO2 +2mM NH4,NH4_independence_repeat,29.04.2025,66491048.59
22,NV2,3.7,1mM NO2 +2mM NH4,NH4_independence_repeat,29.04.2025,66491048.59
22,NV3,4.3,1mM NO2 +2mM NH4,NH4_independence_repeat,29.04.2025,66491048.59
22,NV4,4,1mM NO2 +0mM NH4,NH4_independence_repeat,29.04.2025,66491048.59
22,NV5,5,1mM NO2 +0mM NH4,NH4_independence_repeat,29.04.2025,66491048.59
22,NV6,4.3,1mM NO2 +0mM NH4,NH4_independence_repeat,29.04.2025,66491048.59
22,NV7,0.32,0mM NO2,NH4_independence_repeat,29.04.2025,66491048.59
22,NV8,0.32,0mM NO2,NH4_independence_repeat,29.04.2025,66491048.59
24,NV1,3.5,1mM NO2 +2mM NH4,NH4_independence_repeat,29.04.2025,66491048.59
24,NV2,3.8,1mM NO2 +2mM NH4,NH4_independence_repeat,29.04.2025,66491048.59
24,NV3,4.5,1mM NO2 +2mM NH4,NH4_independence_repeat,29.04.2025,66491048.59
24,NV4,4.5,1mM NO2 +0mM NH4,NH4_independence_repeat,29.04.2025,66491048.59
24,NV5,5.3,1mM NO2 +0mM NH4,NH4_independence_repeat,29.04.2025,66491048.59
24,NV6,4.5,1mM NO2 +0mM NH4,NH4_independence_repeat,29.04.2025,66491048.59
24,NV7,0.32,0mM NO2,NH4_independence_repeat,29.04.2025,66491048.59
24,NV8,0.31,0mM NO2,NH4_independence_repeat,29.04.2025,66491048.59
0,NV1,0.25,not_starved,Starvation_1d_3d_repeat,19.05.2025,67506227.52
0,NV2,0.23,not_starved,Starvation_1d_3d_repeat,19.05.2025,67506227.52
0,NV3,0.25,1d_starvaion,Starvation_1d_3d_repeat,19.05.2025,67506227.52
0,NV4,0.21,1d_starvaion,Starvation_1d_3d_repeat,19.05.2025,67506227.52
0,NV5,0.27,1d_starvaion,Starvation_1d_3d_repeat,19.05.2025,67506227.52
0,NV6,0.28,3d_starvation,Starvation_1d_3d_repeat,19.05.2025,67506227.52
0,NV7,0.31,3d_starvation,Starvation_1d_3d_repeat,19.05.2025,67506227.52
0,NV8,0.28,3d_starvation,Starvation_1d_3d_repeat,19.05.2025,67506227.52
0.016666667,NV1,0.85,not_starved,Starvation_1d_3d_repeat,19.05.2025,67506227.52
0.016666667,NV2,0.79,not_starved,Starvation_1d_3d_repeat,19.05.2025,67506227.52
0.016666667,NV3,0.71,1d_starvaion,Starvation_1d_3d_repeat,19.05.2025,67506227.52
0.016666667,NV4,0.82,1d_starvaion,Starvation_1d_3d_repeat,19.05.2025,67506227.52
0.016666667,NV5,1.2,1d_starvaion,Starvation_1d_3d_repeat,19.05.2025,67506227.52
0.016666667,NV6,0.94,3d_starvation,Starvation_1d_3d_repeat,19.05.2025,67506227.52
0.016666667,NV7,0.94,3d_starvation,Starvation_1d_3d_repeat,19.05.2025,67506227.52
0.016666667,NV8,1.1,3d_starvation,Starvation_1d_3d_repeat,19.05.2025,67506227.52
0.05,NV1,0.53,not_starved,Starvation_1d_3d_repeat,19.05.2025,67506227.52
0.05,NV2,0.59,not_starved,Starvation_1d_3d_repeat,19.05.2025,67506227.52
0.05,NV3,0.58,1d_starvaion,Starvation_1d_3d_repeat,19.05.2025,67506227.52
0.05,NV4,0.57,1d_starvaion,Starvation_1d_3d_repeat,19.05.2025,67506227.52
0.05,NV5,0.69,1d_starvaion,Starvation_1d_3d_repeat,19.05.2025,67506227.52
0.05,NV6,0.68,3d_starvation,Starvation_1d_3d_repeat,19.05.2025,67506227.52
0.05,NV7,0.68,3d_starvation,Starvation_1d_3d_repeat,19.05.2025,67506227.52
0.05,NV8,0.75,3d_starvation,Starvation_1d_3d_repeat,19.05.2025,67506227.52
0.083333333,NV1,0.35,not_starved,Starvation_1d_3d_repeat,19.05.2025,67506227.52
0.083333333,NV2,0.36,not_starved,Starvation_1d_3d_repeat,19.05.2025,67506227.52
0.083333333,NV3,0.53,1d_starvaion,Starvation_1d_3d_repeat,19.05.2025,67506227.52
0.083333333,NV4,0.47,1d_starvaion,Starvation_1d_3d_repeat,19.05.2025,67506227.52
0.083333333,NV5,0.54,1d_starvaion,Starvation_1d_3d_repeat,19.05.2025,67506227.52
0.083333333,NV6,0.51,3d_starvation,Starvation_1d_3d_repeat,19.05.2025,67506227.52
0.083333333,NV7,0.47,3d_starvation,Starvation_1d_3d_repeat,19.05.2025,67506227.52
0.083333333,NV8,0.43,3d_starvation,Starvation_1d_3d_repeat,19.05.2025,67506227.52
0.166666667,NV1,0.35,not_starved,Starvation_1d_3d_repeat,19.05.2025,67506227.52
0.166666667,NV2,0.34,not_starved,Starvation_1d_3d_repeat,19.05.2025,67506227.52
0.166666667,NV3,0.5,1d_starvaion,Starvation_1d_3d_repeat,19.05.2025,67506227.52
0.166666667,NV4,0.46,1d_starvaion,Starvation_1d_3d_repeat,19.05.2025,67506227.52
0.166666667,NV5,0.54,1d_starvaion,Starvation_1d_3d_repeat,19.05.2025,67506227.52
0.166666667,NV6,0.46,3d_starvation,Starvation_1d_3d_repeat,19.05.2025,67506227.52
0.166666667,NV7,0.43,3d_starvation,Starvation_1d_3d_repeat,19.05.2025,67506227.52
0.166666667,NV8,0.4,3d_starvation,Starvation_1d_3d_repeat,19.05.2025,67506227.52
0.25,NV1,0.38,not_starved,Starvation_1d_3d_repeat,19.05.2025,67506227.52
0.25,NV2,0.39,not_starved,Starvation_1d_3d_repeat,19.05.2025,67506227.52
0.25,NV3,0.5,1d_starvaion,Starvation_1d_3d_repeat,19.05.2025,67506227.52
0.25,NV4,0.48,1d_starvaion,Starvation_1d_3d_repeat,19.05.2025,67506227.52
0.25,NV5,0.55,1d_starvaion,Starvation_1d_3d_repeat,19.05.2025,67506227.52
0.25,NV6,0.45,3d_starvation,Starvation_1d_3d_repeat,19.05.2025,67506227.52
0.25,NV7,0.44,3d_starvation,Starvation_1d_3d_repeat,19.05.2025,67506227.52
0.25,NV8,0.4,3d_starvation,Starvation_1d_3d_repeat,19.05.2025,67506227.52
0.333333333,NV1,0.44,not_starved,Starvation_1d_3d_repeat,19.05.2025,67506227.52
0.333333333,NV2,0.47,not_starved,Starvation_1d_3d_repeat,19.05.2025,67506227.52
0.333333333,NV3,0.51,1d_starvaion,Starvation_1d_3d_repeat,19.05.2025,67506227.52
0.333333333,NV4,0.52,1d_starvaion,Starvation_1d_3d_repeat,19.05.2025,67506227.52
0.333333333,NV5,0.58,1d_starvaion,Starvation_1d_3d_repeat,19.05.2025,67506227.52
0.333333333,NV6,0.47,3d_starvation,Starvation_1d_3d_repeat,19.05.2025,67506227.52
0.333333333,NV7,0.45,3d_starvation,Starvation_1d_3d_repeat,19.05.2025,67506227.52
0.333333333,NV8,0.41,3d_starvation,Starvation_1d_3d_repeat,19.05.2025,67506227.52
0.5,NV1,0.58,not_starved,Starvation_1d_3d_repeat,19.05.2025,67506227.52
0.5,NV2,0.52,not_starved,Starvation_1d_3d_repeat,19.05.2025,67506227.52
0.5,NV3,0.57,1d_starvaion,Starvation_1d_3d_repeat,19.05.2025,67506227.52
0.5,NV4,0.58,1d_starvaion,Starvation_1d_3d_repeat,19.05.2025,67506227.52
0.5,NV5,0.65,1d_starvaion,Starvation_1d_3d_repeat,19.05.2025,67506227.52
0.5,NV6,0.51,3d_starvation,Starvation_1d_3d_repeat,19.05.2025,67506227.52
0.5,NV7,0.52,3d_starvation,Starvation_1d_3d_repeat,19.05.2025,67506227.52
0.5,NV8,0.45,3d_starvation,Starvation_1d_3d_repeat,19.05.2025,67506227.52
1,NV1,0.97,not_starved,Starvation_1d_3d_repeat,19.05.2025,67506227.52
1,NV2,0.91,not_starved,Starvation_1d_3d_repeat,19.05.2025,67506227.52
1,NV3,0.75,1d_starvaion,Starvation_1d_3d_repeat,19.05.2025,67506227.52
1,NV4,0.78,1d_starvaion,Starvation_1d_3d_repeat,19.05.2025,67506227.52
1,NV5,0.86,1d_starvaion,Starvation_1d_3d_repeat,19.05.2025,67506227.52
1,NV6,0.63,3d_starvation,Starvation_1d_3d_repeat,19.05.2025,67506227.52
1,NV7,0.61,3d_starvation,Starvation_1d_3d_repeat,19.05.2025,67506227.52
1,NV8,0.58,3d_starvation,Starvation_1d_3d_repeat,19.05.2025,67506227.52
2,NV1,1.5,not_starved,Starvation_1d_3d_repeat,19.05.2025,67506227.52
2,NV2,1.4,not_starved,Starvation_1d_3d_repeat,19.05.2025,67506227.52
2,NV3,1.1,1d_starvaion,Starvation_1d_3d_repeat,19.05.2025,67506227.52
2,NV4,1.2,1d_starvaion,Starvation_1d_3d_repeat,19.05.2025,67506227.52
2,NV5,1.3,1d_starvaion,Starvation_1d_3d_repeat,19.05.2025,67506227.52
2,NV6,0.81,3d_starvation,Starvation_1d_3d_repeat,19.05.2025,67506227.52
2,NV7,0.8,3d_starvation,Starvation_1d_3d_repeat,19.05.2025,67506227.52
2,NV8,0.78,3d_starvation,Starvation_1d_3d_repeat,19.05.2025,67506227.52
3.5,NV1,2,not_starved,Starvation_1d_3d_repeat,19.05.2025,67506227.52
3.5,NV2,1.8,not_starved,Starvation_1d_3d_repeat,19.05.2025,67506227.52
3.5,NV3,1.5,1d_starvaion,Starvation_1d_3d_repeat,19.05.2025,67506227.52
3.5,NV4,1.6,1d_starvaion,Starvation_1d_3d_repeat,19.05.2025,67506227.52
3.5,NV5,1.7,1d_starvaion,Starvation_1d_3d_repeat,19.05.2025,67506227.52
3.5,NV6,0.98,3d_starvation,Starvation_1d_3d_repeat,19.05.2025,67506227.52
3.5,NV7,0.96,3d_starvation,Starvation_1d_3d_repeat,19.05.2025,67506227.52
3.5,NV8,0.97,3d_starvation,Starvation_1d_3d_repeat,19.05.2025,67506227.52
5,NV1,2.6,not_starved,Starvation_1d_3d_repeat,19.05.2025,67506227.52
5,NV2,2.4,not_starved,Starvation_1d_3d_repeat,19.05.2025,67506227.52
5,NV3,1.8,1d_starvaion,Starvation_1d_3d_repeat,19.05.2025,67506227.52
5,NV4,1.9,1d_starvaion,Starvation_1d_3d_repeat,19.05.2025,67506227.52
5,NV5,2,1d_starvaion,Starvation_1d_3d_repeat,19.05.2025,67506227.52
5,NV6,1.2,3d_starvation,Starvation_1d_3d_repeat,19.05.2025,67506227.52
5,NV7,1.2,3d_starvation,Starvation_1d_3d_repeat,19.05.2025,67506227.52
5,NV8,1.2,3d_starvation,Starvation_1d_3d_repeat,19.05.2025,67506227.52
21,NV1,4.3,not_starved,Starvation_1d_3d_repeat,19.05.2025,67506227.52
21,NV2,3.9,not_starved,Starvation_1d_3d_repeat,19.05.2025,67506227.52
21,NV3,3.5,1d_starvaion,Starvation_1d_3d_repeat,19.05.2025,67506227.52
21,NV4,3.5,1d_starvaion,Starvation_1d_3d_repeat,19.05.2025,67506227.52
21,NV5,3.9,1d_starvaion,Starvation_1d_3d_repeat,19.05.2025,67506227.52
21,NV6,2.9,3d_starvation,Starvation_1d_3d_repeat,19.05.2025,67506227.52
21,NV7,2.9,3d_starvation,Starvation_1d_3d_repeat,19.05.2025,67506227.52
21,NV8,2.9,3d_starvation,Starvation_1d_3d_repeat,19.05.2025,67506227.52
24,NV1,4.3,not_starved,Starvation_1d_3d_repeat,19.05.2025,67506227.52
24,NV2,4.1,not_starved,Starvation_1d_3d_repeat,19.05.2025,67506227.52
24,NV3,3.5,1d_starvaion,Starvation_1d_3d_repeat,19.05.2025,67506227.52
24,NV4,3.5,1d_starvaion,Starvation_1d_3d_repeat,19.05.2025,67506227.52
24,NV5,3.9,1d_starvaion,Starvation_1d_3d_repeat,19.05.2025,67506227.52
24,NV6,2.9,3d_starvation,Starvation_1d_3d_repeat,19.05.2025,67506227.52
24,NV7,2.9,3d_starvation,Starvation_1d_3d_repeat,19.05.2025,67506227.52
24,NV8,2.9,3d_starvation,Starvation_1d_3d_repeat,19.05.2025,67506227.52
0,NV1,0.48,undisturbed,O2_additions_no_NH4,29.05.2025,61253749.91
0,NV2,0.39,undisturbed,O2_additions_no_NH4,29.05.2025,61253749.91
0,NV3,0.26,undisturbed,O2_additions_no_NH4,29.05.2025,61253749.91
0,NV4,0.64,undisturbed,O2_additions_no_NH4,29.05.2025,61253749.91
0,NV5,0.43,added_O2,O2_additions_no_NH4,29.05.2025,61253749.91
0,NV6,0.42,added_O2,O2_additions_no_NH4,29.05.2025,61253749.91
0,NV7,0.28,added_O2,O2_additions_no_NH4,29.05.2025,61253749.91
0,NV8,0.43,added_O2,O2_additions_no_NH4,29.05.2025,61253749.91
0.016666667,NV1,1.3,undisturbed,O2_additions_no_NH4,29.05.2025,61253749.91
0.016666667,NV2,1.1,undisturbed,O2_additions_no_NH4,29.05.2025,61253749.91
0.016666667,NV3,1,undisturbed,O2_additions_no_NH4,29.05.2025,61253749.91
0.016666667,NV4,1.4,undisturbed,O2_additions_no_NH4,29.05.2025,61253749.91
0.016666667,NV5,1.1,added_O2,O2_additions_no_NH4,29.05.2025,61253749.91
0.016666667,NV6,1.3,added_O2,O2_additions_no_NH4,29.05.2025,61253749.91
0.016666667,NV7,1.1,added_O2,O2_additions_no_NH4,29.05.2025,61253749.91
0.016666667,NV8,1.1,added_O2,O2_additions_no_NH4,29.05.2025,61253749.91
0.05,NV1,1.4,undisturbed,O2_additions_no_NH4,29.05.2025,61253749.91
0.05,NV2,1.1,undisturbed,O2_additions_no_NH4,29.05.2025,61253749.91
0.05,NV3,1,undisturbed,O2_additions_no_NH4,29.05.2025,61253749.91
0.05,NV4,1.5,undisturbed,O2_additions_no_NH4,29.05.2025,61253749.91
0.05,NV5,1.2,added_O2,O2_additions_no_NH4,29.05.2025,61253749.91
0.05,NV6,1.2,added_O2,O2_additions_no_NH4,29.05.2025,61253749.91
0.05,NV7,1,added_O2,O2_additions_no_NH4,29.05.2025,61253749.91
0.05,NV8,1.2,added_O2,O2_additions_no_NH4,29.05.2025,61253749.91
0.083333333,NV1,1.4,undisturbed,O2_additions_no_NH4,29.05.2025,61253749.91
0.083333333,NV2,1.1,undisturbed,O2_additions_no_NH4,29.05.2025,61253749.91
0.083333333,NV3,1,undisturbed,O2_additions_no_NH4,29.05.2025,61253749.91
0.083333333,NV4,1.4,undisturbed,O2_additions_no_NH4,29.05.2025,61253749.91
0.083333333,NV5,1.2,added_O2,O2_additions_no_NH4,29.05.2025,61253749.91
0.083333333,NV6,1.2,added_O2,O2_additions_no_NH4,29.05.2025,61253749.91
0.083333333,NV7,0.96,added_O2,O2_additions_no_NH4,29.05.2025,61253749.91
0.083333333,NV8,1.1,added_O2,O2_additions_no_NH4,29.05.2025,61253749.91
0.166666667,NV1,1.3,undisturbed,O2_additions_no_NH4,29.05.2025,61253749.91
0.166666667,NV2,1.1,undisturbed,O2_additions_no_NH4,29.05.2025,61253749.91
0.166666667,NV3,0.95,undisturbed,O2_additions_no_NH4,29.05.2025,61253749.91
0.166666667,NV4,1.3,undisturbed,O2_additions_no_NH4,29.05.2025,61253749.91
0.166666667,NV5,1.1,added_O2,O2_additions_no_NH4,29.05.2025,61253749.91
0.166666667,NV6,1,added_O2,O2_additions_no_NH4,29.05.2025,61253749.91
0.166666667,NV7,0.91,added_O2,O2_additions_no_NH4,29.05.2025,61253749.91
0.166666667,NV8,1.1,added_O2,O2_additions_no_NH4,29.05.2025,61253749.91
0.333333333,NV1,1.2,undisturbed,O2_additions_no_NH4,29.05.2025,61253749.91
0.333333333,NV2,0.97,undisturbed,O2_additions_no_NH4,29.05.2025,61253749.91
0.333333333,NV3,0.85,undisturbed,O2_additions_no_NH4,29.05.2025,61253749.91
0.333333333,NV4,1.2,undisturbed,O2_additions_no_NH4,29.05.2025,61253749.91
0.333333333,NV5,0.95,added_O2,O2_additions_no_NH4,29.05.2025,61253749.91
0.333333333,NV6,0.82,added_O2,O2_additions_no_NH4,29.05.2025,61253749.91
0.333333333,NV7,0.82,added_O2,O2_additions_no_NH4,29.05.2025,61253749.91
0.333333333,NV8,0.9,added_O2,O2_additions_no_NH4,29.05.2025,61253749.91
0.5,NV1,1.1,undisturbed,O2_additions_no_NH4,29.05.2025,61253749.91
0.5,NV2,0.84,undisturbed,O2_additions_no_NH4,29.05.2025,61253749.91
0.5,NV3,0.74,undisturbed,O2_additions_no_NH4,29.05.2025,61253749.91
0.5,NV4,1,undisturbed,O2_additions_no_NH4,29.05.2025,61253749.91
0.5,NV5,0.79,added_O2,O2_additions_no_NH4,29.05.2025,61253749.91
0.5,NV6,0.62,added_O2,O2_additions_no_NH4,29.05.2025,61253749.91
0.5,NV7,0.73,added_O2,O2_additions_no_NH4,29.05.2025,61253749.91
0.5,NV8,0.8,added_O2,O2_additions_no_NH4,29.05.2025,61253749.91
0.75,NV1,0.97,undisturbed,O2_additions_no_NH4,29.05.2025,61253749.91
0.75,NV2,0.6,undisturbed,O2_additions_no_NH4,29.05.2025,61253749.91
0.75,NV3,0.56,undisturbed,O2_additions_no_NH4,29.05.2025,61253749.91
0.75,NV4,0.71,undisturbed,O2_additions_no_NH4,29.05.2025,61253749.91
0.75,NV5,0.51,added_O2,O2_additions_no_NH4,29.05.2025,61253749.91
0.75,NV6,0.33,added_O2,O2_additions_no_NH4,29.05.2025,61253749.91
0.75,NV7,0.39,added_O2,O2_additions_no_NH4,29.05.2025,61253749.91
0.75,NV8,0.48,added_O2,O2_additions_no_NH4,29.05.2025,61253749.91
1,NV1,0.8,undisturbed,O2_additions_no_NH4,29.05.2025,61253749.91
1,NV2,0.39,undisturbed,O2_additions_no_NH4,29.05.2025,61253749.91
1,NV3,0.39,undisturbed,O2_additions_no_NH4,29.05.2025,61253749.91
1,NV4,0.46,undisturbed,O2_additions_no_NH4,29.05.2025,61253749.91
1,NV5,0.3,added_O2,O2_additions_no_NH4,29.05.2025,61253749.91
1,NV6,0.37,added_O2,O2_additions_no_NH4,29.05.2025,61253749.91
1,NV7,0.39,added_O2,O2_additions_no_NH4,29.05.2025,61253749.91
1,NV8,0.29,added_O2,O2_additions_no_NH4,29.05.2025,61253749.91
1.166666667,NV1,0.7,undisturbed,O2_additions_no_NH4,29.05.2025,61253749.91
1.166666667,NV2,0.3,undisturbed,O2_additions_no_NH4,29.05.2025,61253749.91
1.166666667,NV3,0.32,undisturbed,O2_additions_no_NH4,29.05.2025,61253749.91
1.166666667,NV4,0.32,undisturbed,O2_additions_no_NH4,29.05.2025,61253749.91
1.166666667,NV5,0.36,added_O2,O2_additions_no_NH4,29.05.2025,61253749.91
1.166666667,NV6,0.48,added_O2,O2_additions_no_NH4,29.05.2025,61253749.91
1.166666667,NV7,0.32,added_O2,O2_additions_no_NH4,29.05.2025,61253749.91
1.166666667,NV8,0.24,added_O2,O2_additions_no_NH4,29.05.2025,61253749.91
1.333333333,NV1,0.6,undisturbed,O2_additions_no_NH4,29.05.2025,61253749.91
1.333333333,NV2,0.31,undisturbed,O2_additions_no_NH4,29.05.2025,61253749.91
1.333333333,NV3,0.32,undisturbed,O2_additions_no_NH4,29.05.2025,61253749.91
1.333333333,NV4,0.3,undisturbed,O2_additions_no_NH4,29.05.2025,61253749.91
1.333333333,NV5,0.36,added_O2,O2_additions_no_NH4,29.05.2025,61253749.91
1.333333333,NV6,0.67,added_O2,O2_additions_no_NH4,29.05.2025,61253749.91
1.333333333,NV7,0.37,added_O2,O2_additions_no_NH4,29.05.2025,61253749.91
1.333333333,NV8,0.43,added_O2,O2_additions_no_NH4,29.05.2025,61253749.91
1.5,NV1,0.52,undisturbed,O2_additions_no_NH4,29.05.2025,61253749.91
1.5,NV2,0.43,undisturbed,O2_additions_no_NH4,29.05.2025,61253749.91
1.5,NV3,0.42,undisturbed,O2_additions_no_NH4,29.05.2025,61253749.91
1.5,NV4,0.43,undisturbed,O2_additions_no_NH4,29.05.2025,61253749.91
1.5,NV5,0.47,added_O2,O2_additions_no_NH4,29.05.2025,61253749.91
1.5,NV6,0.72,added_O2,O2_additions_no_NH4,29.05.2025,61253749.91
1.5,NV7,0.47,added_O2,O2_additions_no_NH4,29.05.2025,61253749.91
1.5,NV8,0.55,added_O2,O2_additions_no_NH4,29.05.2025,61253749.91
2,NV1,0.28,undisturbed,O2_additions_no_NH4,29.05.2025,61253749.91
2,NV2,0.8,undisturbed,O2_additions_no_NH4,29.05.2025,61253749.91
2,NV3,0.73,undisturbed,O2_additions_no_NH4,29.05.2025,61253749.91
2,NV4,0.85,undisturbed,O2_additions_no_NH4,29.05.2025,61253749.91
2,NV5,0.82,added_O2,O2_additions_no_NH4,29.05.2025,61253749.91
2,NV6,1.1,added_O2,O2_additions_no_NH4,29.05.2025,61253749.91
2,NV7,0.87,added_O2,O2_additions_no_NH4,29.05.2025,61253749.91
2,NV8,0.89,added_O2,O2_additions_no_NH4,29.05.2025,61253749.91
2.333333333,NV1,0.3,undisturbed,O2_additions_no_NH4,29.05.2025,61253749.91
2.333333333,NV2,0.97,undisturbed,O2_additions_no_NH4,29.05.2025,61253749.91
2.333333333,NV3,0.93,undisturbed,O2_additions_no_NH4,29.05.2025,61253749.91
2.333333333,NV4,1,undisturbed,O2_additions_no_NH4,29.05.2025,61253749.91
2.333333333,NV5,0.96,added_O2,O2_additions_no_NH4,29.05.2025,61253749.91
2.333333333,NV6,1.2,added_O2,O2_additions_no_NH4,29.05.2025,61253749.91
2.333333333,NV7,1,added_O2,O2_additions_no_NH4,29.05.2025,61253749.91
2.333333333,NV8,1,added_O2,O2_additions_no_NH4,29.05.2025,61253749.91
2.35,NV1,NA,undisturbed,O2_additions_no_NH4,29.05.2025,61253749.91
2.35,NV2,NA,undisturbed,O2_additions_no_NH4,29.05.2025,61253749.91
2.35,NV3,NA,undisturbed,O2_additions_no_NH4,29.05.2025,61253749.91
2.35,NV4,NA,undisturbed,O2_additions_no_NH4,29.05.2025,61253749.91
2.35,NV5,1.8,added_O2,O2_additions_no_NH4,29.05.2025,61253749.91
2.35,NV6,2.3,added_O2,O2_additions_no_NH4,29.05.2025,61253749.91
2.35,NV7,2.2,added_O2,O2_additions_no_NH4,29.05.2025,61253749.91
2.35,NV8,2.2,added_O2,O2_additions_no_NH4,29.05.2025,61253749.91
2.366666667,NV1,NA,undisturbed,O2_additions_no_NH4,29.05.2025,61253749.91
2.366666667,NV2,NA,undisturbed,O2_additions_no_NH4,29.05.2025,61253749.91
2.366666667,NV3,NA,undisturbed,O2_additions_no_NH4,29.05.2025,61253749.91
2.366666667,NV4,NA,undisturbed,O2_additions_no_NH4,29.05.2025,61253749.91
2.366666667,NV5,1.8,added_O2,O2_additions_no_NH4,29.05.2025,61253749.91
2.366666667,NV6,1.6,added_O2,O2_additions_no_NH4,29.05.2025,61253749.91
2.366666667,NV7,1.7,added_O2,O2_additions_no_NH4,29.05.2025,61253749.91
2.366666667,NV8,1.6,added_O2,O2_additions_no_NH4,29.05.2025,61253749.91
2.416666667,NV1,NA,undisturbed,O2_additions_no_NH4,29.05.2025,61253749.91
2.416666667,NV2,NA,undisturbed,O2_additions_no_NH4,29.05.2025,61253749.91
2.416666667,NV3,NA,undisturbed,O2_additions_no_NH4,29.05.2025,61253749.91
2.416666667,NV4,NA,undisturbed,O2_additions_no_NH4,29.05.2025,61253749.91
2.416666667,NV5,1.8,added_O2,O2_additions_no_NH4,29.05.2025,61253749.91
2.416666667,NV6,1.6,added_O2,O2_additions_no_NH4,29.05.2025,61253749.91
2.416666667,NV7,1.7,added_O2,O2_additions_no_NH4,29.05.2025,61253749.91
2.416666667,NV8,1.5,added_O2,O2_additions_no_NH4,29.05.2025,61253749.91
2.5,NV1,0.5,undisturbed,O2_additions_no_NH4,29.05.2025,61253749.91
2.5,NV2,1.1,undisturbed,O2_additions_no_NH4,29.05.2025,61253749.91
2.5,NV3,1.1,undisturbed,O2_additions_no_NH4,29.05.2025,61253749.91
2.5,NV4,1.2,undisturbed,O2_additions_no_NH4,29.05.2025,61253749.91
2.5,NV5,1.8,added_O2,O2_additions_no_NH4,29.05.2025,61253749.91
2.5,NV6,1.5,added_O2,O2_additions_no_NH4,29.05.2025,61253749.91
2.5,NV7,1.7,added_O2,O2_additions_no_NH4,29.05.2025,61253749.91
2.5,NV8,1.5,added_O2,O2_additions_no_NH4,29.05.2025,61253749.91
2.75,NV1,0.65,undisturbed,O2_additions_no_NH4,29.05.2025,61253749.91
2.75,NV2,1.2,undisturbed,O2_additions_no_NH4,29.05.2025,61253749.91
2.75,NV3,1.2,undisturbed,O2_additions_no_NH4,29.05.2025,61253749.91
2.75,NV4,1.3,undisturbed,O2_additions_no_NH4,29.05.2025,61253749.91
2.75,NV5,1.7,added_O2,O2_additions_no_NH4,29.05.2025,61253749.91
2.75,NV6,1.2,added_O2,O2_additions_no_NH4,29.05.2025,61253749.91
2.75,NV7,1.6,added_O2,O2_additions_no_NH4,29.05.2025,61253749.91
2.75,NV8,1.3,added_O2,O2_additions_no_NH4,29.05.2025,61253749.91
3,NV1,0.81,undisturbed,O2_additions_no_NH4,29.05.2025,61253749.91
3,NV2,1.4,undisturbed,O2_additions_no_NH4,29.05.2025,61253749.91
3,NV3,1.3,undisturbed,O2_additions_no_NH4,29.05.2025,61253749.91
3,NV4,1.4,undisturbed,O2_additions_no_NH4,29.05.2025,61253749.91
3,NV5,1.3,added_O2,O2_additions_no_NH4,29.05.2025,61253749.91
3,NV6,0.72,added_O2,O2_additions_no_NH4,29.05.2025,61253749.91
3,NV7,1.3,added_O2,O2_additions_no_NH4,29.05.2025,61253749.91
3,NV8,0.98,added_O2,O2_additions_no_NH4,29.05.2025,61253749.91
3.25,NV1,NA,undisturbed,O2_additions_no_NH4,29.05.2025,61253749.91
3.25,NV2,NA,undisturbed,O2_additions_no_NH4,29.05.2025,61253749.91
3.25,NV3,NA,undisturbed,O2_additions_no_NH4,29.05.2025,61253749.91
3.25,NV4,NA,undisturbed,O2_additions_no_NH4,29.05.2025,61253749.91
3.25,NV5,1.1,added_O2,O2_additions_no_NH4,29.05.2025,61253749.91
3.25,NV6,0.4,added_O2,O2_additions_no_NH4,29.05.2025,61253749.91
3.25,NV7,1.2,added_O2,O2_additions_no_NH4,29.05.2025,61253749.91
3.25,NV8,0.77,added_O2,O2_additions_no_NH4,29.05.2025,61253749.91
3.5,NV1,1,undisturbed,O2_additions_no_NH4,29.05.2025,61253749.91
3.5,NV2,1.6,undisturbed,O2_additions_no_NH4,29.05.2025,61253749.91
3.5,NV3,1.6,undisturbed,O2_additions_no_NH4,29.05.2025,61253749.91
3.5,NV4,1.7,undisturbed,O2_additions_no_NH4,29.05.2025,61253749.91
3.5,NV5,0.9,added_O2,O2_additions_no_NH4,29.05.2025,61253749.91
3.5,NV6,0.29,added_O2,O2_additions_no_NH4,29.05.2025,61253749.91
3.5,NV7,1.1,added_O2,O2_additions_no_NH4,29.05.2025,61253749.91
3.5,NV8,0.58,added_O2,O2_additions_no_NH4,29.05.2025,61253749.91
3.75,NV1,NA,undisturbed,O2_additions_no_NH4,29.05.2025,61253749.91
3.75,NV2,NA,undisturbed,O2_additions_no_NH4,29.05.2025,61253749.91
3.75,NV3,NA,undisturbed,O2_additions_no_NH4,29.05.2025,61253749.91
3.75,NV4,NA,undisturbed,O2_additions_no_NH4,29.05.2025,61253749.91
3.75,NV5,0.75,added_O2,O2_additions_no_NH4,29.05.2025,61253749.91
3.75,NV6,0.29,added_O2,O2_additions_no_NH4,29.05.2025,61253749.91
3.75,NV7,0.92,added_O2,O2_additions_no_NH4,29.05.2025,61253749.91
3.75,NV8,0.47,added_O2,O2_additions_no_NH4,29.05.2025,61253749.91
4,NV1,1.2,undisturbed,O2_additions_no_NH4,29.05.2025,61253749.91
4,NV2,1.7,undisturbed,O2_additions_no_NH4,29.05.2025,61253749.91
4,NV3,1.7,undisturbed,O2_additions_no_NH4,29.05.2025,61253749.91
4,NV4,1.8,undisturbed,O2_additions_no_NH4,29.05.2025,61253749.91
4,NV5,0.63,added_O2,O2_additions_no_NH4,29.05.2025,61253749.91
4,NV6,0.4,added_O2,O2_additions_no_NH4,29.05.2025,61253749.91
4,NV7,0.83,added_O2,O2_additions_no_NH4,29.05.2025,61253749.91
4,NV8,0.36,added_O2,O2_additions_no_NH4,29.05.2025,61253749.91
4.25,NV1,NA,undisturbed,O2_additions_no_NH4,29.05.2025,61253749.91
4.25,NV2,NA,undisturbed,O2_additions_no_NH4,29.05.2025,61253749.91
4.25,NV3,NA,undisturbed,O2_additions_no_NH4,29.05.2025,61253749.91
4.25,NV4,NA,undisturbed,O2_additions_no_NH4,29.05.2025,61253749.91
4.25,NV5,0.45,added_O2,O2_additions_no_NH4,29.05.2025,61253749.91
4.25,NV6,0.56,added_O2,O2_additions_no_NH4,29.05.2025,61253749.91
4.25,NV7,0.71,added_O2,O2_additions_no_NH4,29.05.2025,61253749.91
4.25,NV8,0.25,added_O2,O2_additions_no_NH4,29.05.2025,61253749.91
4.5,NV1,NA,undisturbed,O2_additions_no_NH4,29.05.2025,61253749.91
4.5,NV2,NA,undisturbed,O2_additions_no_NH4,29.05.2025,61253749.91
4.5,NV3,NA,undisturbed,O2_additions_no_NH4,29.05.2025,61253749.91
4.5,NV4,NA,undisturbed,O2_additions_no_NH4,29.05.2025,61253749.91
4.5,NV5,0.24,added_O2,O2_additions_no_NH4,29.05.2025,61253749.91
4.5,NV6,0.74,added_O2,O2_additions_no_NH4,29.05.2025,61253749.91
4.5,NV7,0.56,added_O2,O2_additions_no_NH4,29.05.2025,61253749.91
4.5,NV8,0.39,added_O2,O2_additions_no_NH4,29.05.2025,61253749.91
4.75,NV1,NA,undisturbed,O2_additions_no_NH4,29.05.2025,61253749.91
4.75,NV2,NA,undisturbed,O2_additions_no_NH4,29.05.2025,61253749.91
4.75,NV3,NA,undisturbed,O2_additions_no_NH4,29.05.2025,61253749.91
4.75,NV4,NA,undisturbed,O2_additions_no_NH4,29.05.2025,61253749.91
4.75,NV5,0.23,added_O2,O2_additions_no_NH4,29.05.2025,61253749.91
4.75,NV6,0.83,added_O2,O2_additions_no_NH4,29.05.2025,61253749.91
4.75,NV7,0.48,added_O2,O2_additions_no_NH4,29.05.2025,61253749.91
4.75,NV8,0.49,added_O2,O2_additions_no_NH4,29.05.2025,61253749.91
5,NV1,1.6,undisturbed,O2_additions_no_NH4,29.05.2025,61253749.91
5,NV2,2.2,undisturbed,O2_additions_no_NH4,29.05.2025,61253749.91
5,NV3,2.2,undisturbed,O2_additions_no_NH4,29.05.2025,61253749.91
5,NV4,2.3,undisturbed,O2_additions_no_NH4,29.05.2025,61253749.91
5,NV5,0.31,added_O2,O2_additions_no_NH4,29.05.2025,61253749.91
5,NV6,0.96,added_O2,O2_additions_no_NH4,29.05.2025,61253749.91
5,NV7,0.37,added_O2,O2_additions_no_NH4,29.05.2025,61253749.91
5,NV8,0.63,added_O2,O2_additions_no_NH4,29.05.2025,61253749.91
5.5,NV1,NA,undisturbed,O2_additions_no_NH4,29.05.2025,61253749.91
5.5,NV2,NA,undisturbed,O2_additions_no_NH4,29.05.2025,61253749.91
5.5,NV3,NA,undisturbed,O2_additions_no_NH4,29.05.2025,61253749.91
5.5,NV4,NA,undisturbed,O2_additions_no_NH4,29.05.2025,61253749.91
5.5,NV5,0.55,added_O2,O2_additions_no_NH4,29.05.2025,61253749.91
5.5,NV6,1.2,added_O2,O2_additions_no_NH4,29.05.2025,61253749.91
5.5,NV7,0.34,added_O2,O2_additions_no_NH4,29.05.2025,61253749.91
5.5,NV8,0.85,added_O2,O2_additions_no_NH4,29.05.2025,61253749.91
5.75,NV1,NA,undisturbed,O2_additions_no_NH4,29.05.2025,61253749.91
5.75,NV2,NA,undisturbed,O2_additions_no_NH4,29.05.2025,61253749.91
5.75,NV3,NA,undisturbed,O2_additions_no_NH4,29.05.2025,61253749.91
5.75,NV4,NA,undisturbed,O2_additions_no_NH4,29.05.2025,61253749.91
5.75,NV5,0.67,added_O2,O2_additions_no_NH4,29.05.2025,61253749.91
5.75,NV6,1.3,added_O2,O2_additions_no_NH4,29.05.2025,61253749.91
5.75,NV7,0.46,added_O2,O2_additions_no_NH4,29.05.2025,61253749.91
5.75,NV8,0.96,added_O2,O2_additions_no_NH4,29.05.2025,61253749.91
6,NV1,1.9,undisturbed,O2_additions_no_NH4,29.05.2025,61253749.91
6,NV2,2.5,undisturbed,O2_additions_no_NH4,29.05.2025,61253749.91
6,NV3,2.6,undisturbed,O2_additions_no_NH4,29.05.2025,61253749.91
6,NV4,2.7,undisturbed,O2_additions_no_NH4,29.05.2025,61253749.91
6,NV5,0.76,added_O2,O2_additions_no_NH4,29.05.2025,61253749.91
6,NV6,1.4,added_O2,O2_additions_no_NH4,29.05.2025,61253749.91
6,NV7,0.58,added_O2,O2_additions_no_NH4,29.05.2025,61253749.91
6,NV8,1,added_O2,O2_additions_no_NH4,29.05.2025,61253749.91
6.25,NV1,NA,undisturbed,O2_additions_no_NH4,29.05.2025,61253749.91
6.25,NV2,NA,undisturbed,O2_additions_no_NH4,29.05.2025,61253749.91
6.25,NV3,NA,undisturbed,O2_additions_no_NH4,29.05.2025,61253749.91
6.25,NV4,NA,undisturbed,O2_additions_no_NH4,29.05.2025,61253749.91
6.25,NV5,0.83,added_O2,O2_additions_no_NH4,29.05.2025,61253749.91
6.25,NV6,1.4,added_O2,O2_additions_no_NH4,29.05.2025,61253749.91
6.25,NV7,0.67,added_O2,O2_additions_no_NH4,29.05.2025,61253749.91
6.25,NV8,1.1,added_O2,O2_additions_no_NH4,29.05.2025,61253749.91
6.266666667,NV1,NA,undisturbed,O2_additions_no_NH4,29.05.2025,61253749.91
6.266666667,NV2,NA,undisturbed,O2_additions_no_NH4,29.05.2025,61253749.91
6.266666667,NV3,NA,undisturbed,O2_additions_no_NH4,29.05.2025,61253749.91
6.266666667,NV4,NA,undisturbed,O2_additions_no_NH4,29.05.2025,61253749.91
6.266666667,NV5,1.9,added_O2,O2_additions_no_NH4,29.05.2025,61253749.91
6.266666667,NV6,2.5,added_O2,O2_additions_no_NH4,29.05.2025,61253749.91
6.266666667,NV7,2.1,added_O2,O2_additions_no_NH4,29.05.2025,61253749.91
6.266666667,NV8,2.4,added_O2,O2_additions_no_NH4,29.05.2025,61253749.91
6.333333333,NV1,NA,undisturbed,O2_additions_no_NH4,29.05.2025,61253749.91
6.333333333,NV2,NA,undisturbed,O2_additions_no_NH4,29.05.2025,61253749.91
6.333333333,NV3,NA,undisturbed,O2_additions_no_NH4,29.05.2025,61253749.91
6.333333333,NV4,NA,undisturbed,O2_additions_no_NH4,29.05.2025,61253749.91
6.333333333,NV5,2,added_O2,O2_additions_no_NH4,29.05.2025,61253749.91
6.333333333,NV6,1.9,added_O2,O2_additions_no_NH4,29.05.2025,61253749.91
6.333333333,NV7,2.1,added_O2,O2_additions_no_NH4,29.05.2025,61253749.91
6.333333333,NV8,1.9,added_O2,O2_additions_no_NH4,29.05.2025,61253749.91
6.416666667,NV1,NA,undisturbed,O2_additions_no_NH4,29.05.2025,61253749.91
6.416666667,NV2,NA,undisturbed,O2_additions_no_NH4,29.05.2025,61253749.91
6.416666667,NV3,NA,undisturbed,O2_additions_no_NH4,29.05.2025,61253749.91
6.416666667,NV4,NA,undisturbed,O2_additions_no_NH4,29.05.2025,61253749.91
6.416666667,NV5,2,added_O2,O2_additions_no_NH4,29.05.2025,61253749.91
6.416666667,NV6,1.9,added_O2,O2_additions_no_NH4,29.05.2025,61253749.91
6.416666667,NV7,2.1,added_O2,O2_additions_no_NH4,29.05.2025,61253749.91
6.416666667,NV8,1.8,added_O2,O2_additions_no_NH4,29.05.2025,61253749.91
6.5,NV1,NA,undisturbed,O2_additions_no_NH4,29.05.2025,61253749.91
6.5,NV2,NA,undisturbed,O2_additions_no_NH4,29.05.2025,61253749.91
6.5,NV3,NA,undisturbed,O2_additions_no_NH4,29.05.2025,61253749.91
6.5,NV4,NA,undisturbed,O2_additions_no_NH4,29.05.2025,61253749.91
6.5,NV5,2,added_O2,O2_additions_no_NH4,29.05.2025,61253749.91
6.5,NV6,1.9,added_O2,O2_additions_no_NH4,29.05.2025,61253749.91
6.5,NV7,2.1,added_O2,O2_additions_no_NH4,29.05.2025,61253749.91
6.5,NV8,1.8,added_O2,O2_additions_no_NH4,29.05.2025,61253749.91
6.75,NV1,NA,undisturbed,O2_additions_no_NH4,29.05.2025,61253749.91
6.75,NV2,NA,undisturbed,O2_additions_no_NH4,29.05.2025,61253749.91
6.75,NV3,NA,undisturbed,O2_additions_no_NH4,29.05.2025,61253749.91
6.75,NV4,NA,undisturbed,O2_additions_no_NH4,29.05.2025,61253749.91
6.75,NV5,1.9,added_O2,O2_additions_no_NH4,29.05.2025,61253749.91
6.75,NV6,1.7,added_O2,O2_additions_no_NH4,29.05.2025,61253749.91
6.75,NV7,2.1,added_O2,O2_additions_no_NH4,29.05.2025,61253749.91
6.75,NV8,1.6,added_O2,O2_additions_no_NH4,29.05.2025,61253749.91
7,NV1,2.3,undisturbed,O2_additions_no_NH4,29.05.2025,61253749.91
7,NV2,2.8,undisturbed,O2_additions_no_NH4,29.05.2025,61253749.91
7,NV3,2.9,undisturbed,O2_additions_no_NH4,29.05.2025,61253749.91
7,NV4,3,undisturbed,O2_additions_no_NH4,29.05.2025,61253749.91
7,NV5,1.7,added_O2,O2_additions_no_NH4,29.05.2025,61253749.91
7,NV6,1.5,added_O2,O2_additions_no_NH4,29.05.2025,61253749.91
7,NV7,2,added_O2,O2_additions_no_NH4,29.05.2025,61253749.91
7,NV8,1.4,added_O2,O2_additions_no_NH4,29.05.2025,61253749.91
7.5,NV1,NA,undisturbed,O2_additions_no_NH4,29.05.2025,61253749.91
7.5,NV2,NA,undisturbed,O2_additions_no_NH4,29.05.2025,61253749.91
7.5,NV3,NA,undisturbed,O2_additions_no_NH4,29.05.2025,61253749.91
7.5,NV4,NA,undisturbed,O2_additions_no_NH4,29.05.2025,61253749.91
7.5,NV5,1.4,added_O2,O2_additions_no_NH4,29.05.2025,61253749.91
7.5,NV6,1.1,added_O2,O2_additions_no_NH4,29.05.2025,61253749.91
7.5,NV7,1.8,added_O2,O2_additions_no_NH4,29.05.2025,61253749.91
7.5,NV8,1.1,added_O2,O2_additions_no_NH4,29.05.2025,61253749.91
8,NV1,2.6,undisturbed,O2_additions_no_NH4,29.05.2025,61253749.91
8,NV2,3,undisturbed,O2_additions_no_NH4,29.05.2025,61253749.91
8,NV3,3.1,undisturbed,O2_additions_no_NH4,29.05.2025,61253749.91
8,NV4,3.2,undisturbed,O2_additions_no_NH4,29.05.2025,61253749.91
8,NV5,1.1,added_O2,O2_additions_no_NH4,29.05.2025,61253749.91
8,NV6,0.68,added_O2,O2_additions_no_NH4,29.05.2025,61253749.91
8,NV7,1.5,added_O2,O2_additions_no_NH4,29.05.2025,61253749.91
8,NV8,0.8,added_O2,O2_additions_no_NH4,29.05.2025,61253749.91
8.5,NV1,NA,undisturbed,O2_additions_no_NH4,29.05.2025,61253749.91
8.5,NV2,NA,undisturbed,O2_additions_no_NH4,29.05.2025,61253749.91
8.5,NV3,NA,undisturbed,O2_additions_no_NH4,29.05.2025,61253749.91
8.5,NV4,NA,undisturbed,O2_additions_no_NH4,29.05.2025,61253749.91
8.5,NV5,0.8,added_O2,O2_additions_no_NH4,29.05.2025,61253749.91
8.5,NV6,0.39,added_O2,O2_additions_no_NH4,29.05.2025,61253749.91
8.5,NV7,1.3,added_O2,O2_additions_no_NH4,29.05.2025,61253749.91
8.5,NV8,0.51,added_O2,O2_additions_no_NH4,29.05.2025,61253749.91
9,NV1,2.9,undisturbed,O2_additions_no_NH4,29.05.2025,61253749.91
9,NV2,3.2,undisturbed,O2_additions_no_NH4,29.05.2025,61253749.91
9,NV3,3.3,undisturbed,O2_additions_no_NH4,29.05.2025,61253749.91
9,NV4,3.3,undisturbed,O2_additions_no_NH4,29.05.2025,61253749.91
9,NV5,0.5,added_O2,O2_additions_no_NH4,29.05.2025,61253749.91
9,NV6,0.27,added_O2,O2_additions_no_NH4,29.05.2025,61253749.91
9,NV7,1.1,added_O2,O2_additions_no_NH4,29.05.2025,61253749.91
9,NV8,0.27,added_O2,O2_additions_no_NH4,29.05.2025,61253749.91
10,NV1,3.1,undisturbed,O2_additions_no_NH4,29.05.2025,61253749.91
10,NV2,3.3,undisturbed,O2_additions_no_NH4,29.05.2025,61253749.91
10,NV3,3.4,undisturbed,O2_additions_no_NH4,29.05.2025,61253749.91
10,NV4,3.3,undisturbed,O2_additions_no_NH4,29.05.2025,61253749.91
10,NV5,0.25,added_O2,O2_additions_no_NH4,29.05.2025,61253749.91
10,NV6,0.63,added_O2,O2_additions_no_NH4,29.05.2025,61253749.91
10,NV7,0.7,added_O2,O2_additions_no_NH4,29.05.2025,61253749.91
10,NV8,0.56,added_O2,O2_additions_no_NH4,29.05.2025,61253749.91
11.5,NV1,3.2,undisturbed,O2_additions_no_NH4,29.05.2025,61253749.91
11.5,NV2,3.5,undisturbed,O2_additions_no_NH4,29.05.2025,61253749.91
11.5,NV3,3.7,undisturbed,O2_additions_no_NH4,29.05.2025,61253749.91
11.5,NV4,3.6,undisturbed,O2_additions_no_NH4,29.05.2025,61253749.91
11.5,NV5,0.73,added_O2,O2_additions_no_NH4,29.05.2025,61253749.91
11.5,NV6,1.1,added_O2,O2_additions_no_NH4,29.05.2025,61253749.91
11.5,NV7,0.29,added_O2,O2_additions_no_NH4,29.05.2025,61253749.91
11.5,NV8,1.1,added_O2,O2_additions_no_NH4,29.05.2025,61253749.91
22,NV1,4.1,undisturbed,O2_additions_no_NH4,29.05.2025,61253749.91
22,NV2,4.5,undisturbed,O2_additions_no_NH4,29.05.2025,61253749.91
22,NV3,4.7,undisturbed,O2_additions_no_NH4,29.05.2025,61253749.91
22,NV4,4.5,undisturbed,O2_additions_no_NH4,29.05.2025,61253749.91
22,NV5,3.2,added_O2,O2_additions_no_NH4,29.05.2025,61253749.91
22,NV6,3.4,added_O2,O2_additions_no_NH4,29.05.2025,61253749.91
22,NV7,3.5,added_O2,O2_additions_no_NH4,29.05.2025,61253749.91
22,NV8,3.3,added_O2,O2_additions_no_NH4,29.05.2025,61253749.91
24,NV1,4.3,undisturbed,O2_additions_no_NH4,29.05.2025,61253749.91
24,NV2,4.6,undisturbed,O2_additions_no_NH4,29.05.2025,61253749.91
24,NV3,4.8,undisturbed,O2_additions_no_NH4,29.05.2025,61253749.91
24,NV4,4.7,undisturbed,O2_additions_no_NH4,29.05.2025,61253749.91
24,NV5,3.2,added_O2,O2_additions_no_NH4,29.05.2025,61253749.91
24,NV6,3.6,added_O2,O2_additions_no_NH4,29.05.2025,61253749.91
24,NV7,3.6,added_O2,O2_additions_no_NH4,29.05.2025,61253749.91
24,NV8,3.4,added_O2,O2_additions_no_NH4,29.05.2025,61253749.91
0,NV1,0.34,0mM_NO2,NO2_conc_effect,26.05.2025,57912557.41
0,NV2,0.54,0mM_NO2,NO2_conc_effect,26.05.2025,57912557.41
0,NV3,0.19,0.05mM_NO2,NO2_conc_effect,26.05.2025,57912557.41
0,NV4,0.2,0.05mM_NO2,NO2_conc_effect,26.05.2025,57912557.41
0,NV5,0.2,0.05mM_NO2,NO2_conc_effect,26.05.2025,57912557.41
0,NV6,1,10mM_NO2,NO2_conc_effect,26.05.2025,57912557.41
0,NV7,1,10mM_NO2,NO2_conc_effect,26.05.2025,57912557.41
0,NV8,1,10mM_NO2,NO2_conc_effect,26.05.2025,57912557.41
0.016666667,NV1,0.73,0mM_NO2,NO2_conc_effect,26.05.2025,57912557.41
0.016666667,NV2,0.73,0mM_NO2,NO2_conc_effect,26.05.2025,57912557.41
0.016666667,NV3,0.69,0.05mM_NO2,NO2_conc_effect,26.05.2025,57912557.41
0.016666667,NV4,0.71,0.05mM_NO2,NO2_conc_effect,26.05.2025,57912557.41
0.016666667,NV5,0.73,0.05mM_NO2,NO2_conc_effect,26.05.2025,57912557.41
0.016666667,NV6,1.7,10mM_NO2,NO2_conc_effect,26.05.2025,57912557.41
0.016666667,NV7,1.7,10mM_NO2,NO2_conc_effect,26.05.2025,57912557.41
0.016666667,NV8,1.6,10mM_NO2,NO2_conc_effect,26.05.2025,57912557.41
0.05,NV1,0.36,0mM_NO2,NO2_conc_effect,26.05.2025,57912557.41
0.05,NV2,0.37,0mM_NO2,NO2_conc_effect,26.05.2025,57912557.41
0.05,NV3,0.33,0.05mM_NO2,NO2_conc_effect,26.05.2025,57912557.41
0.05,NV4,0.38,0.05mM_NO2,NO2_conc_effect,26.05.2025,57912557.41
0.05,NV5,0.26,0.05mM_NO2,NO2_conc_effect,26.05.2025,57912557.41
0.05,NV6,1.2,10mM_NO2,NO2_conc_effect,26.05.2025,57912557.41
0.05,NV7,1.2,10mM_NO2,NO2_conc_effect,26.05.2025,57912557.41
0.05,NV8,1.2,10mM_NO2,NO2_conc_effect,26.05.2025,57912557.41
0.083333333,NV1,0.28,0mM_NO2,NO2_conc_effect,26.05.2025,57912557.41
0.083333333,NV2,0.27,0mM_NO2,NO2_conc_effect,26.05.2025,57912557.41
0.083333333,NV3,0.23,0.05mM_NO2,NO2_conc_effect,26.05.2025,57912557.41
0.083333333,NV4,0.27,0.05mM_NO2,NO2_conc_effect,26.05.2025,57912557.41
0.083333333,NV5,0.2,0.05mM_NO2,NO2_conc_effect,26.05.2025,57912557.41
0.083333333,NV6,0.9,10mM_NO2,NO2_conc_effect,26.05.2025,57912557.41
0.083333333,NV7,0.79,10mM_NO2,NO2_conc_effect,26.05.2025,57912557.41
0.083333333,NV8,0.86,10mM_NO2,NO2_conc_effect,26.05.2025,57912557.41
0.166666667,NV1,0.23,0mM_NO2,NO2_conc_effect,26.05.2025,57912557.41
0.166666667,NV2,0.26,0mM_NO2,NO2_conc_effect,26.05.2025,57912557.41
0.166666667,NV3,0.22,0.05mM_NO2,NO2_conc_effect,26.05.2025,57912557.41
0.166666667,NV4,0.21,0.05mM_NO2,NO2_conc_effect,26.05.2025,57912557.41
0.166666667,NV5,0.21,0.05mM_NO2,NO2_conc_effect,26.05.2025,57912557.41
0.166666667,NV6,0.75,10mM_NO2,NO2_conc_effect,26.05.2025,57912557.41
0.166666667,NV7,0.7,10mM_NO2,NO2_conc_effect,26.05.2025,57912557.41
0.166666667,NV8,0.75,10mM_NO2,NO2_conc_effect,26.05.2025,57912557.41
0.25,NV1,0.23,0mM_NO2,NO2_conc_effect,26.05.2025,57912557.41
0.25,NV2,0.26,0mM_NO2,NO2_conc_effect,26.05.2025,57912557.41
0.25,NV3,0.25,0.05mM_NO2,NO2_conc_effect,26.05.2025,57912557.41
0.25,NV4,0.22,0.05mM_NO2,NO2_conc_effect,26.05.2025,57912557.41
0.25,NV5,0.26,0.05mM_NO2,NO2_conc_effect,26.05.2025,57912557.41
0.25,NV6,0.71,10mM_NO2,NO2_conc_effect,26.05.2025,57912557.41
0.25,NV7,0.69,10mM_NO2,NO2_conc_effect,26.05.2025,57912557.41
0.25,NV8,0.73,10mM_NO2,NO2_conc_effect,26.05.2025,57912557.41
0.333333333,NV1,NA,0mM_NO2,NO2_conc_effect,26.05.2025,57912557.41
0.333333333,NV2,NA,0mM_NO2,NO2_conc_effect,26.05.2025,57912557.41
0.333333333,NV3,0.29,0.05mM_NO2,NO2_conc_effect,26.05.2025,57912557.41
0.333333333,NV4,0.27,0.05mM_NO2,NO2_conc_effect,26.05.2025,57912557.41
0.333333333,NV5,0.29,0.05mM_NO2,NO2_conc_effect,26.05.2025,57912557.41
0.333333333,NV6,0.73,10mM_NO2,NO2_conc_effect,26.05.2025,57912557.41
0.333333333,NV7,0.69,10mM_NO2,NO2_conc_effect,26.05.2025,57912557.41
0.333333333,NV8,0.76,10mM_NO2,NO2_conc_effect,26.05.2025,57912557.41
0.5,NV1,NA,0mM_NO2,NO2_conc_effect,26.05.2025,57912557.41
0.5,NV2,NA,0mM_NO2,NO2_conc_effect,26.05.2025,57912557.41
0.5,NV3,0.37,0.05mM_NO2,NO2_conc_effect,26.05.2025,57912557.41
0.5,NV4,0.34,0.05mM_NO2,NO2_conc_effect,26.05.2025,57912557.41
0.5,NV5,0.36,0.05mM_NO2,NO2_conc_effect,26.05.2025,57912557.41
0.5,NV6,0.83,10mM_NO2,NO2_conc_effect,26.05.2025,57912557.41
0.5,NV7,0.77,10mM_NO2,NO2_conc_effect,26.05.2025,57912557.41
0.5,NV8,0.83,10mM_NO2,NO2_conc_effect,26.05.2025,57912557.41
0.75,NV1,NA,0mM_NO2,NO2_conc_effect,26.05.2025,57912557.41
0.75,NV2,NA,0mM_NO2,NO2_conc_effect,26.05.2025,57912557.41
0.75,NV3,0.47,0.05mM_NO2,NO2_conc_effect,26.05.2025,57912557.41
0.75,NV4,0.45,0.05mM_NO2,NO2_conc_effect,26.05.2025,57912557.41
0.75,NV5,0.45,0.05mM_NO2,NO2_conc_effect,26.05.2025,57912557.41
0.75,NV6,1,10mM_NO2,NO2_conc_effect,26.05.2025,57912557.41
0.75,NV7,0.91,10mM_NO2,NO2_conc_effect,26.05.2025,57912557.41
0.75,NV8,1,10mM_NO2,NO2_conc_effect,26.05.2025,57912557.41
1,NV1,NA,0mM_NO2,NO2_conc_effect,26.05.2025,57912557.41
1,NV2,NA,0mM_NO2,NO2_conc_effect,26.05.2025,57912557.41
1,NV3,0.52,0.05mM_NO2,NO2_conc_effect,26.05.2025,57912557.41
1,NV4,0.46,0.05mM_NO2,NO2_conc_effect,26.05.2025,57912557.41
1,NV5,0.51,0.05mM_NO2,NO2_conc_effect,26.05.2025,57912557.41
1,NV6,1.2,10mM_NO2,NO2_conc_effect,26.05.2025,57912557.41
1,NV7,1,10mM_NO2,NO2_conc_effect,26.05.2025,57912557.41
1,NV8,1.2,10mM_NO2,NO2_conc_effect,26.05.2025,57912557.41
1.5,NV1,NA,0mM_NO2,NO2_conc_effect,26.05.2025,57912557.41
1.5,NV2,NA,0mM_NO2,NO2_conc_effect,26.05.2025,57912557.41
1.5,NV3,0.6,0.05mM_NO2,NO2_conc_effect,26.05.2025,57912557.41
1.5,NV4,0.5,0.05mM_NO2,NO2_conc_effect,26.05.2025,57912557.41
1.5,NV5,0.63,0.05mM_NO2,NO2_conc_effect,26.05.2025,57912557.41
1.5,NV6,1.5,10mM_NO2,NO2_conc_effect,26.05.2025,57912557.41
1.5,NV7,1.2,10mM_NO2,NO2_conc_effect,26.05.2025,57912557.41
1.5,NV8,1.6,10mM_NO2,NO2_conc_effect,26.05.2025,57912557.41
2,NV1,NA,0mM_NO2,NO2_conc_effect,26.05.2025,57912557.41
2,NV2,NA,0mM_NO2,NO2_conc_effect,26.05.2025,57912557.41
2,NV3,0.66,0.05mM_NO2,NO2_conc_effect,26.05.2025,57912557.41
2,NV4,0.57,0.05mM_NO2,NO2_conc_effect,26.05.2025,57912557.41
2,NV5,0.66,0.05mM_NO2,NO2_conc_effect,26.05.2025,57912557.41
2,NV6,1.8,10mM_NO2,NO2_conc_effect,26.05.2025,57912557.41
2,NV7,1.5,10mM_NO2,NO2_conc_effect,26.05.2025,57912557.41
2,NV8,1.9,10mM_NO2,NO2_conc_effect,26.05.2025,57912557.41
3,NV1,NA,0mM_NO2,NO2_conc_effect,26.05.2025,57912557.41
3,NV2,NA,0mM_NO2,NO2_conc_effect,26.05.2025,57912557.41
3,NV3,0.71,0.05mM_NO2,NO2_conc_effect,26.05.2025,57912557.41
3,NV4,0.58,0.05mM_NO2,NO2_conc_effect,26.05.2025,57912557.41
3,NV5,0.72,0.05mM_NO2,NO2_conc_effect,26.05.2025,57912557.41
3,NV6,2.2,10mM_NO2,NO2_conc_effect,26.05.2025,57912557.41
3,NV7,2.1,10mM_NO2,NO2_conc_effect,26.05.2025,57912557.41
3,NV8,2.4,10mM_NO2,NO2_conc_effect,26.05.2025,57912557.41
4,NV1,NA,0mM_NO2,NO2_conc_effect,26.05.2025,57912557.41
4,NV2,NA,0mM_NO2,NO2_conc_effect,26.05.2025,57912557.41
4,NV3,0.79,0.05mM_NO2,NO2_conc_effect,26.05.2025,57912557.41
4,NV4,0.62,0.05mM_NO2,NO2_conc_effect,26.05.2025,57912557.41
4,NV5,0.79,0.05mM_NO2,NO2_conc_effect,26.05.2025,57912557.41
4,NV6,2.7,10mM_NO2,NO2_conc_effect,26.05.2025,57912557.41
4,NV7,2.5,10mM_NO2,NO2_conc_effect,26.05.2025,57912557.41
4,NV8,2.8,10mM_NO2,NO2_conc_effect,26.05.2025,57912557.41
5,NV1,NA,0mM_NO2,NO2_conc_effect,26.05.2025,57912557.41
5,NV2,NA,0mM_NO2,NO2_conc_effect,26.05.2025,57912557.41
5,NV3,0.83,0.05mM_NO2,NO2_conc_effect,26.05.2025,57912557.41
5,NV4,0.67,0.05mM_NO2,NO2_conc_effect,26.05.2025,57912557.41
5,NV5,0.82,0.05mM_NO2,NO2_conc_effect,26.05.2025,57912557.41
5,NV6,2.8,10mM_NO2,NO2_conc_effect,26.05.2025,57912557.41
5,NV7,2.7,10mM_NO2,NO2_conc_effect,26.05.2025,57912557.41
5,NV8,3,10mM_NO2,NO2_conc_effect,26.05.2025,57912557.41
6,NV1,NA,0mM_NO2,NO2_conc_effect,26.05.2025,57912557.41
6,NV2,NA,0mM_NO2,NO2_conc_effect,26.05.2025,57912557.41
6,NV3,0.86,0.05mM_NO2,NO2_conc_effect,26.05.2025,57912557.41
6,NV4,0.7,0.05mM_NO2,NO2_conc_effect,26.05.2025,57912557.41
6,NV5,0.88,0.05mM_NO2,NO2_conc_effect,26.05.2025,57912557.41
6,NV6,3,10mM_NO2,NO2_conc_effect,26.05.2025,57912557.41
6,NV7,2.9,10mM_NO2,NO2_conc_effect,26.05.2025,57912557.41
6,NV8,3.2,10mM_NO2,NO2_conc_effect,26.05.2025,57912557.41
7,NV1,0.33,0mM_NO2,NO2_conc_effect,26.05.2025,57912557.41
7,NV2,0.38,0mM_NO2,NO2_conc_effect,26.05.2025,57912557.41
7,NV3,0.91,0.05mM_NO2,NO2_conc_effect,26.05.2025,57912557.41
7,NV4,0.75,0.05mM_NO2,NO2_conc_effect,26.05.2025,57912557.41
7,NV5,0.93,0.05mM_NO2,NO2_conc_effect,26.05.2025,57912557.41
7,NV6,3.1,10mM_NO2,NO2_conc_effect,26.05.2025,57912557.41
7,NV7,3.1,10mM_NO2,NO2_conc_effect,26.05.2025,57912557.41
7,NV8,3.3,10mM_NO2,NO2_conc_effect,26.05.2025,57912557.41
11.5,NV1,0.33,0mM_NO2,NO2_conc_effect,26.05.2025,57912557.41
11.5,NV2,0.38,0mM_NO2,NO2_conc_effect,26.05.2025,57912557.41
11.5,NV3,1.1,0.05mM_NO2,NO2_conc_effect,26.05.2025,57912557.41
11.5,NV4,0.96,0.05mM_NO2,NO2_conc_effect,26.05.2025,57912557.41
11.5,NV5,1.2,0.05mM_NO2,NO2_conc_effect,26.05.2025,57912557.41
11.5,NV6,3.4,10mM_NO2,NO2_conc_effect,26.05.2025,57912557.41
11.5,NV7,3.3,10mM_NO2,NO2_conc_effect,26.05.2025,57912557.41
11.5,NV8,3.6,10mM_NO2,NO2_conc_effect,26.05.2025,57912557.41
24,NV1,NA,0mM_NO2,NO2_conc_effect,26.05.2025,57912557.41
24,NV2,NA,0mM_NO2,NO2_conc_effect,26.05.2025,57912557.41
24,NV3,1.6,0.05mM_NO2,NO2_conc_effect,26.05.2025,57912557.41
24,NV4,1.4,0.05mM_NO2,NO2_conc_effect,26.05.2025,57912557.41
24,NV5,1.6,0.05mM_NO2,NO2_conc_effect,26.05.2025,57912557.41
24,NV6,3.9,10mM_NO2,NO2_conc_effect,26.05.2025,57912557.41
24,NV7,3.7,10mM_NO2,NO2_conc_effect,26.05.2025,57912557.41
24,NV8,4.1,10mM_NO2,NO2_conc_effect,26.05.2025,57912557.41
30,NV1,NA,0mM_NO2,NO2_conc_effect,26.05.2025,57912557.41
30,NV2,NA,0mM_NO2,NO2_conc_effect,26.05.2025,57912557.41
30,NV3,1.7,0.05mM_NO2,NO2_conc_effect,26.05.2025,57912557.41
30,NV4,1.6,0.05mM_NO2,NO2_conc_effect,26.05.2025,57912557.41
30,NV5,1.8,0.05mM_NO2,NO2_conc_effect,26.05.2025,57912557.41
30,NV6,4,10mM_NO2,NO2_conc_effect,26.05.2025,57912557.41
30,NV7,3.8,10mM_NO2,NO2_conc_effect,26.05.2025,57912557.41
30,NV8,4.2,10mM_NO2,NO2_conc_effect,26.05.2025,57912557.41
48,NV1,NA,0mM_NO2,NO2_conc_effect,26.05.2025,57912557.41
48,NV2,NA,0mM_NO2,NO2_conc_effect,26.05.2025,57912557.41
48,NV3,1.8,0.05mM_NO2,NO2_conc_effect,26.05.2025,57912557.41
48,NV4,1.9,0.05mM_NO2,NO2_conc_effect,26.05.2025,57912557.41
48,NV5,2,0.05mM_NO2,NO2_conc_effect,26.05.2025,57912557.41
48,NV6,4.2,10mM_NO2,NO2_conc_effect,26.05.2025,57912557.41
48,NV7,4,10mM_NO2,NO2_conc_effect,26.05.2025,57912557.41
48,NV8,4.5,10mM_NO2,NO2_conc_effect,26.05.2025,57912557.41
51,NV1,0.33,0mM_NO2,NO2_conc_effect,26.05.2025,57912557.41
51,NV2,0.38,0mM_NO2,NO2_conc_effect,26.05.2025,57912557.41
51,NV3,1.8,0.05mM_NO2,NO2_conc_effect,26.05.2025,57912557.41
51,NV4,1.9,0.05mM_NO2,NO2_conc_effect,26.05.2025,57912557.41
51,NV5,2,0.05mM_NO2,NO2_conc_effect,26.05.2025,57912557.41
51,NV6,4.2,10mM_NO2,NO2_conc_effect,26.05.2025,57912557.41
51,NV7,4,10mM_NO2,NO2_conc_effect,26.05.2025,57912557.41
51,NV8,4.5,10mM_NO2,NO2_conc_effect,26.05.2025,57912557.41
-0.05,NV1,1.1,1d_0mMNO2,NH4_independence_first,14.01.2025,66668591.71
-0.05,NV2,1,1d_0mMNO2,NH4_independence_first,14.01.2025,66668591.71
-0.05,NV3,0.7,1d_0mMNO2,NH4_independence_first,14.01.2025,66668591.71
-0.05,NV4,1.8,1d_1mMNO2,NH4_independence_first,14.01.2025,66668591.71
-0.05,NV5,1.6,1d_1mMNO2,NH4_independence_first,14.01.2025,66668591.71
-0.05,NV6,1.7,1d_1mMNO2,NH4_independence_first,14.01.2025,66668591.71
0,NV1,1.9,1d_0mMNO2,NH4_independence_first,14.01.2025,66668591.71
0,NV2,1.7,1d_0mMNO2,NH4_independence_first,14.01.2025,66668591.71
0,NV3,1.4,1d_0mMNO2,NH4_independence_first,14.01.2025,66668591.71
0,NV4,1.6,1d_1mMNO2,NH4_independence_first,14.01.2025,66668591.71
0,NV5,1.6,1d_1mMNO2,NH4_independence_first,14.01.2025,66668591.71
0,NV6,2.1,1d_1mMNO2,NH4_independence_first,14.01.2025,66668591.71
0.033333333,NV1,1.9,1d_0mMNO2,NH4_independence_first,14.01.2025,66668591.71
0.033333333,NV2,2.1,1d_0mMNO2,NH4_independence_first,14.01.2025,66668591.71
0.033333333,NV3,1.3,1d_0mMNO2,NH4_independence_first,14.01.2025,66668591.71
0.033333333,NV4,0.8,1d_1mMNO2,NH4_independence_first,14.01.2025,66668591.71
0.033333333,NV5,1.2,1d_1mMNO2,NH4_independence_first,14.01.2025,66668591.71
0.033333333,NV6,1.8,1d_1mMNO2,NH4_independence_first,14.01.2025,66668591.71
0.083333333,NV1,1.7,1d_0mMNO2,NH4_independence_first,14.01.2025,66668591.71
0.083333333,NV2,2.1,1d_0mMNO2,NH4_independence_first,14.01.2025,66668591.71
0.083333333,NV3,1.2,1d_0mMNO2,NH4_independence_first,14.01.2025,66668591.71
0.083333333,NV4,0.6,1d_1mMNO2,NH4_independence_first,14.01.2025,66668591.71
0.083333333,NV5,0.9,1d_1mMNO2,NH4_independence_first,14.01.2025,66668591.71
0.083333333,NV6,1.7,1d_1mMNO2,NH4_independence_first,14.01.2025,66668591.71
0.166666667,NV1,1.6,1d_0mMNO2,NH4_independence_first,14.01.2025,66668591.71
0.166666667,NV2,2.1,1d_0mMNO2,NH4_independence_first,14.01.2025,66668591.71
0.166666667,NV3,1.2,1d_0mMNO2,NH4_independence_first,14.01.2025,66668591.71
0.166666667,NV4,0.6,1d_1mMNO2,NH4_independence_first,14.01.2025,66668591.71
0.166666667,NV5,0.7,1d_1mMNO2,NH4_independence_first,14.01.2025,66668591.71
0.166666667,NV6,1.5,1d_1mMNO2,NH4_independence_first,14.01.2025,66668591.71
0.25,NV1,1.4,1d_0mMNO2,NH4_independence_first,14.01.2025,66668591.71
0.25,NV2,2,1d_0mMNO2,NH4_independence_first,14.01.2025,66668591.71
0.25,NV3,1,1d_0mMNO2,NH4_independence_first,14.01.2025,66668591.71
0.25,NV4,0.7,1d_1mMNO2,NH4_independence_first,14.01.2025,66668591.71
0.25,NV5,0.5,1d_1mMNO2,NH4_independence_first,14.01.2025,66668591.71
0.25,NV6,1.2,1d_1mMNO2,NH4_independence_first,14.01.2025,66668591.71
0.333333333,NV1,1.3,1d_0mMNO2,NH4_independence_first,14.01.2025,66668591.71
0.333333333,NV2,1.9,1d_0mMNO2,NH4_independence_first,14.01.2025,66668591.71
0.333333333,NV3,1,1d_0mMNO2,NH4_independence_first,14.01.2025,66668591.71
0.333333333,NV4,0.8,1d_1mMNO2,NH4_independence_first,14.01.2025,66668591.71
0.333333333,NV5,0.4,1d_1mMNO2,NH4_independence_first,14.01.2025,66668591.71
0.333333333,NV6,1.1,1d_1mMNO2,NH4_independence_first,14.01.2025,66668591.71
0.5,NV1,1.1,1d_0mMNO2,NH4_independence_first,14.01.2025,66668591.71
0.5,NV2,1.8,1d_0mMNO2,NH4_independence_first,14.01.2025,66668591.71
0.5,NV3,0.9,1d_0mMNO2,NH4_independence_first,14.01.2025,66668591.71
0.5,NV4,0.9,1d_1mMNO2,NH4_independence_first,14.01.2025,66668591.71
0.5,NV5,0.3,1d_1mMNO2,NH4_independence_first,14.01.2025,66668591.71
0.5,NV6,0.7,1d_1mMNO2,NH4_independence_first,14.01.2025,66668591.71
0.75,NV1,0.8,1d_0mMNO2,NH4_independence_first,14.01.2025,66668591.71
0.75,NV2,1.6,1d_0mMNO2,NH4_independence_first,14.01.2025,66668591.71
0.75,NV3,0.8,1d_0mMNO2,NH4_independence_first,14.01.2025,66668591.71
0.75,NV4,1.1,1d_1mMNO2,NH4_independence_first,14.01.2025,66668591.71
0.75,NV5,0.5,1d_1mMNO2,NH4_independence_first,14.01.2025,66668591.71
0.75,NV6,0.4,1d_1mMNO2,NH4_independence_first,14.01.2025,66668591.71
1,NV1,0.5,1d_0mMNO2,NH4_independence_first,14.01.2025,66668591.71
1,NV2,1.5,1d_0mMNO2,NH4_independence_first,14.01.2025,66668591.71
1,NV3,0.6,1d_0mMNO2,NH4_independence_first,14.01.2025,66668591.71
1,NV4,1.3,1d_1mMNO2,NH4_independence_first,14.01.2025,66668591.71
1,NV5,0.7,1d_1mMNO2,NH4_independence_first,14.01.2025,66668591.71
1,NV6,0.2,1d_1mMNO2,NH4_independence_first,14.01.2025,66668591.71
1.5,NV1,0.3,1d_0mMNO2,NH4_independence_first,14.01.2025,66668591.71
1.5,NV2,1.1,1d_0mMNO2,NH4_independence_first,14.01.2025,66668591.71
1.5,NV3,0.3,1d_0mMNO2,NH4_independence_first,14.01.2025,66668591.71
1.5,NV4,1.7,1d_1mMNO2,NH4_independence_first,14.01.2025,66668591.71
1.5,NV5,1.3,1d_1mMNO2,NH4_independence_first,14.01.2025,66668591.71
1.5,NV6,0.6,1d_1mMNO2,NH4_independence_first,14.01.2025,66668591.71
2.25,NV1,0.9,1d_0mMNO2,NH4_independence_first,14.01.2025,66668591.71
2.25,NV2,0.7,1d_0mMNO2,NH4_independence_first,14.01.2025,66668591.71
2.25,NV3,0.6,1d_0mMNO2,NH4_independence_first,14.01.2025,66668591.71
2.25,NV4,2.1,1d_1mMNO2,NH4_independence_first,14.01.2025,66668591.71
2.25,NV5,1.5,1d_1mMNO2,NH4_independence_first,14.01.2025,66668591.71
2.25,NV6,1.1,1d_1mMNO2,NH4_independence_first,14.01.2025,66668591.71
3,NV1,1.2,1d_0mMNO2,NH4_independence_first,14.01.2025,66668591.71
3,NV2,0.4,1d_0mMNO2,NH4_independence_first,14.01.2025,66668591.71
3,NV3,0.9,1d_0mMNO2,NH4_independence_first,14.01.2025,66668591.71
3,NV4,2.5,1d_1mMNO2,NH4_independence_first,14.01.2025,66668591.71
3,NV5,2.1,1d_1mMNO2,NH4_independence_first,14.01.2025,66668591.71
3,NV6,1.4,1d_1mMNO2,NH4_independence_first,14.01.2025,66668591.71
3.5,NV1,1.3,1d_0mMNO2,NH4_independence_first,14.01.2025,66668591.71
3.5,NV2,0.3,1d_0mMNO2,NH4_independence_first,14.01.2025,66668591.71
3.5,NV3,1.2,1d_0mMNO2,NH4_independence_first,14.01.2025,66668591.71
3.5,NV4,2.8,1d_1mMNO2,NH4_independence_first,14.01.2025,66668591.71
3.5,NV5,2.4,1d_1mMNO2,NH4_independence_first,14.01.2025,66668591.71
3.5,NV6,1.7,1d_1mMNO2,NH4_independence_first,14.01.2025,66668591.71
4,NV1,1.5,1d_0mMNO2,NH4_independence_first,14.01.2025,66668591.71
4,NV2,0.5,1d_0mMNO2,NH4_independence_first,14.01.2025,66668591.71
4,NV3,1.4,1d_0mMNO2,NH4_independence_first,14.01.2025,66668591.71
4,NV4,3,1d_1mMNO2,NH4_independence_first,14.01.2025,66668591.71
4,NV5,2.6,1d_1mMNO2,NH4_independence_first,14.01.2025,66668591.71
4,NV6,1.8,1d_1mMNO2,NH4_independence_first,14.01.2025,66668591.71
5,NV1,2,1d_0mMNO2,NH4_independence_first,14.01.2025,66668591.71
5,NV2,1,1d_0mMNO2,NH4_independence_first,14.01.2025,66668591.71
5,NV3,1.7,1d_0mMNO2,NH4_independence_first,14.01.2025,66668591.71
5,NV4,3.4,1d_1mMNO2,NH4_independence_first,14.01.2025,66668591.71
5,NV5,3,1d_1mMNO2,NH4_independence_first,14.01.2025,66668591.71
5,NV6,2.2,1d_1mMNO2,NH4_independence_first,14.01.2025,66668591.71
5.5,NV1,2.2,1d_0mMNO2,NH4_independence_first,14.01.2025,66668591.71
5.5,NV2,1,1d_0mMNO2,NH4_independence_first,14.01.2025,66668591.71
5.5,NV3,1.9,1d_0mMNO2,NH4_independence_first,14.01.2025,66668591.71
5.5,NV4,3.5,1d_1mMNO2,NH4_independence_first,14.01.2025,66668591.71
5.5,NV5,3.2,1d_1mMNO2,NH4_independence_first,14.01.2025,66668591.71
5.5,NV6,2.4,1d_1mMNO2,NH4_independence_first,14.01.2025,66668591.71
21,NV1,5.2,1d_0mMNO2,NH4_independence_first,14.01.2025,66668591.71
21,NV2,4.1,1d_0mMNO2,NH4_independence_first,14.01.2025,66668591.71
21,NV3,4.4,1d_0mMNO2,NH4_independence_first,14.01.2025,66668591.71
21,NV4,4.6,1d_1mMNO2,NH4_independence_first,14.01.2025,66668591.71
21,NV5,3.6,1d_1mMNO2,NH4_independence_first,14.01.2025,66668591.71
21,NV6,3.4,1d_1mMNO2,NH4_independence_first,14.01.2025,66668591.71
23,NV1,5.2,1d_0mMNO2,NH4_independence_first,14.01.2025,66668591.71
23,NV2,4.1,1d_0mMNO2,NH4_independence_first,14.01.2025,66668591.71
23,NV3,4.3,1d_0mMNO2,NH4_independence_first,14.01.2025,66668591.71
23,NV4,4.6,1d_1mMNO2,NH4_independence_first,14.01.2025,66668591.71
23,NV5,3.5,1d_1mMNO2,NH4_independence_first,14.01.2025,66668591.71
23,NV6,3.4,1d_1mMNO2,NH4_independence_first,14.01.2025,66668591.71
26,NV1,5.4,1d_0mMNO2,NH4_independence_first,14.01.2025,66668591.71
26,NV2,4.3,1d_0mMNO2,NH4_independence_first,14.01.2025,66668591.71
26,NV3,4.5,1d_0mMNO2,NH4_independence_first,14.01.2025,66668591.71
26,NV4,4.6,1d_1mMNO2,NH4_independence_first,14.01.2025,66668591.71
26,NV5,3.4,1d_1mMNO2,NH4_independence_first,14.01.2025,66668591.71
26,NV6,3.3,1d_1mMNO2,NH4_independence_first,14.01.2025,66668591.71
29.5,NV1,5.4,1d_0mMNO2,NH4_independence_first,14.01.2025,66668591.71
29.5,NV2,4.5,1d_0mMNO2,NH4_independence_first,14.01.2025,66668591.71
29.5,NV3,4.5,1d_0mMNO2,NH4_independence_first,14.01.2025,66668591.71
29.5,NV4,4.6,1d_1mMNO2,NH4_independence_first,14.01.2025,66668591.71
29.5,NV5,3.3,1d_1mMNO2,NH4_independence_first,14.01.2025,66668591.71
29.5,NV6,3.3,1d_1mMNO2,NH4_independence_first,14.01.2025,66668591.71
46,NV1,5.5,1d_0mMNO2,NH4_independence_first,14.01.2025,66668591.71
46,NV2,4.9,1d_0mMNO2,NH4_independence_first,14.01.2025,66668591.71
46,NV3,4.4,1d_0mMNO2,NH4_independence_first,14.01.2025,66668591.71
46,NV4,4.6,1d_1mMNO2,NH4_independence_first,14.01.2025,66668591.71
46,NV5,2.9,1d_1mMNO2,NH4_independence_first,14.01.2025,66668591.71
46,NV6,3,1d_1mMNO2,NH4_independence_first,14.01.2025,66668591.71
47,NV1,5.5,1d_0mMNO2,NH4_independence_first,14.01.2025,66668591.71
47,NV2,4.9,1d_0mMNO2,NH4_independence_first,14.01.2025,66668591.71
47,NV3,4.4,1d_0mMNO2,NH4_independence_first,14.01.2025,66668591.71
47,NV4,4.6,1d_1mMNO2,NH4_independence_first,14.01.2025,66668591.71
47,NV5,2.9,1d_1mMNO2,NH4_independence_first,14.01.2025,66668591.71
47,NV6,3,1d_1mMNO2,NH4_independence_first,14.01.2025,66668591.71
47.45,NV1,5.6,1d_0mMNO2,NH4_independence_first,14.01.2025,66668591.71
47.45,NV2,5,1d_0mMNO2,NH4_independence_first,14.01.2025,66668591.71
47.45,NV3,4.3,1d_0mMNO2,NH4_independence_first,14.01.2025,66668591.71
47.45,NV4,4.7,1d_1mMNO2,NH4_independence_first,14.01.2025,66668591.71
47.45,NV5,3.1,1d_1mMNO2,NH4_independence_first,14.01.2025,66668591.71
47.45,NV6,3,1d_1mMNO2,NH4_independence_first,14.01.2025,66668591.71
47.5,NV1,6.717391304,1d_0mMNO2,NH4_independence_first,14.01.2025,66668591.71
47.5,NV2,5.508695652,1d_0mMNO2,NH4_independence_first,14.01.2025,66668591.71
47.5,NV3,4.704347826,1d_0mMNO2,NH4_independence_first,14.01.2025,66668591.71
47.5,NV4,5.817391304,1d_1mMNO2,NH4_independence_first,14.01.2025,66668591.71
47.5,NV5,3.508695652,1d_1mMNO2,NH4_independence_first,14.01.2025,66668591.71
47.5,NV6,3.304347826,1d_1mMNO2,NH4_independence_first,14.01.2025,66668591.71
47.66666667,NV1,3.7,1d_0mMNO2,NH4_independence_first,14.01.2025,66668591.71
47.66666667,NV2,3.5,1d_0mMNO2,NH4_independence_first,14.01.2025,66668591.71
47.66666667,NV3,4.1,1d_0mMNO2,NH4_independence_first,14.01.2025,66668591.71
47.66666667,NV4,3.2,1d_1mMNO2,NH4_independence_first,14.01.2025,66668591.71
47.66666667,NV5,2.6,1d_1mMNO2,NH4_independence_first,14.01.2025,66668591.71
47.66666667,NV6,2.7,1d_1mMNO2,NH4_independence_first,14.01.2025,66668591.71
47.83333333,NV1,3.3,1d_0mMNO2,NH4_independence_first,14.01.2025,66668591.71
47.83333333,NV2,2.7,1d_0mMNO2,NH4_independence_first,14.01.2025,66668591.71
47.83333333,NV3,4,1d_0mMNO2,NH4_independence_first,14.01.2025,66668591.71
47.83333333,NV4,2.5,1d_1mMNO2,NH4_independence_first,14.01.2025,66668591.71
47.83333333,NV5,2.1,1d_1mMNO2,NH4_independence_first,14.01.2025,66668591.71
47.83333333,NV6,2.5,1d_1mMNO2,NH4_independence_first,14.01.2025,66668591.71
48,NV1,3.4,1d_0mMNO2,NH4_independence_first,14.01.2025,66668591.71
48,NV2,2.2,1d_0mMNO2,NH4_independence_first,14.01.2025,66668591.71
48,NV3,3.9,1d_0mMNO2,NH4_independence_first,14.01.2025,66668591.71
48,NV4,2.3,1d_1mMNO2,NH4_independence_first,14.01.2025,66668591.71
48,NV5,1.6,1d_1mMNO2,NH4_independence_first,14.01.2025,66668591.71
48,NV6,2.3,1d_1mMNO2,NH4_independence_first,14.01.2025,66668591.71
49,NV1,3.6,1d_0mMNO2,NH4_independence_first,14.01.2025,66668591.71
49,NV2,2,1d_0mMNO2,NH4_independence_first,14.01.2025,66668591.71
49,NV3,4.1,1d_0mMNO2,NH4_independence_first,14.01.2025,66668591.71
49,NV4,2.5,1d_1mMNO2,NH4_independence_first,14.01.2025,66668591.71
49,NV5,1.2,1d_1mMNO2,NH4_independence_first,14.01.2025,66668591.71
49,NV6,2.3,1d_1mMNO2,NH4_independence_first,14.01.2025,66668591.71
50,NV1,3.6,1d_0mMNO2,NH4_independence_first,14.01.2025,66668591.71
50,NV2,1.6,1d_0mMNO2,NH4_independence_first,14.01.2025,66668591.71
50,NV3,4.1,1d_0mMNO2,NH4_independence_first,14.01.2025,66668591.71
50,NV4,2.5,1d_1mMNO2,NH4_independence_first,14.01.2025,66668591.71
50,NV5,1.2,1d_1mMNO2,NH4_independence_first,14.01.2025,66668591.71
50,NV6,2.3,1d_1mMNO2,NH4_independence_first,14.01.2025,66668591.71
51.5,NV1,3.6,1d_0mMNO2,NH4_independence_first,14.01.2025,66668591.71
51.5,NV2,1.5,1d_0mMNO2,NH4_independence_first,14.01.2025,66668591.71
51.5,NV3,4.1,1d_0mMNO2,NH4_independence_first,14.01.2025,66668591.71
51.5,NV4,2.5,1d_1mMNO2,NH4_independence_first,14.01.2025,66668591.71
51.5,NV5,1.2,1d_1mMNO2,NH4_independence_first,14.01.2025,66668591.71
51.5,NV6,2.3,1d_1mMNO2,NH4_independence_first,14.01.2025,66668591.71
53,NV1,3.6,1d_0mMNO2,NH4_independence_first,14.01.2025,66668591.71
53,NV2,1.2,1d_0mMNO2,NH4_independence_first,14.01.2025,66668591.71
53,NV3,4.1,1d_0mMNO2,NH4_independence_first,14.01.2025,66668591.71
53,NV4,2.5,1d_1mMNO2,NH4_independence_first,14.01.2025,66668591.71
53,NV5,1.2,1d_1mMNO2,NH4_independence_first,14.01.2025,66668591.71
53,NV6,2.3,1d_1mMNO2,NH4_independence_first,14.01.2025,66668591.71
0,NV1,0.39,3mM_ATU,ATU_additions,12.06.2025,59607905
0,NV2,0.22,3mM_ATU,ATU_additions,12.06.2025,59607905
0,NV3,0.2,3mM_ATU,ATU_additions,12.06.2025,59607905
0,NV4,0.22,3mM_ATU,ATU_additions,12.06.2025,59607905
0,NV5,0.27,noATU,ATU_additions,12.06.2025,59607905
0,NV6,0.24,noATU,ATU_additions,12.06.2025,59607905
0,NV7,0.35,noATU,ATU_additions,12.06.2025,59607905
0,NV8,0.19,noATU,ATU_additions,12.06.2025,59607905
0.016666667,NV1,0.68,3mM_ATU,ATU_additions,12.06.2025,59607905
0.016666667,NV2,0.61,3mM_ATU,ATU_additions,12.06.2025,59607905
0.016666667,NV3,0.61,3mM_ATU,ATU_additions,12.06.2025,59607905
0.016666667,NV4,0.7,3mM_ATU,ATU_additions,12.06.2025,59607905
0.016666667,NV5,0.62,noATU,ATU_additions,12.06.2025,59607905
0.016666667,NV6,0.7,noATU,ATU_additions,12.06.2025,59607905
0.016666667,NV7,0.67,noATU,ATU_additions,12.06.2025,59607905
0.016666667,NV8,0.64,noATU,ATU_additions,12.06.2025,59607905
0.05,NV1,0.44,3mM_ATU,ATU_additions,12.06.2025,59607905
0.05,NV2,0.38,3mM_ATU,ATU_additions,12.06.2025,59607905
0.05,NV3,0.4,3mM_ATU,ATU_additions,12.06.2025,59607905
0.05,NV4,0.42,3mM_ATU,ATU_additions,12.06.2025,59607905
0.05,NV5,0.49,noATU,ATU_additions,12.06.2025,59607905
0.05,NV6,0.44,noATU,ATU_additions,12.06.2025,59607905
0.05,NV7,0.48,noATU,ATU_additions,12.06.2025,59607905
0.05,NV8,0.41,noATU,ATU_additions,12.06.2025,59607905
0.083333333,NV1,0.4,3mM_ATU,ATU_additions,12.06.2025,59607905
0.083333333,NV2,0.34,3mM_ATU,ATU_additions,12.06.2025,59607905
0.083333333,NV3,0.37,3mM_ATU,ATU_additions,12.06.2025,59607905
0.083333333,NV4,0.38,3mM_ATU,ATU_additions,12.06.2025,59607905
0.083333333,NV5,0.45,noATU,ATU_additions,12.06.2025,59607905
0.083333333,NV6,0.35,noATU,ATU_additions,12.06.2025,59607905
0.083333333,NV7,0.45,noATU,ATU_additions,12.06.2025,59607905
0.083333333,NV8,0.37,noATU,ATU_additions,12.06.2025,59607905
0.116666667,NV1,0.4,3mM_ATU,ATU_additions,12.06.2025,59607905
0.116666667,NV2,0.33,3mM_ATU,ATU_additions,12.06.2025,59607905
0.116666667,NV3,0.33,3mM_ATU,ATU_additions,12.06.2025,59607905
0.116666667,NV4,0.36,3mM_ATU,ATU_additions,12.06.2025,59607905
0.116666667,NV5,0.45,noATU,ATU_additions,12.06.2025,59607905
0.116666667,NV6,0.3,noATU,ATU_additions,12.06.2025,59607905
0.116666667,NV7,0.45,noATU,ATU_additions,12.06.2025,59607905
0.116666667,NV8,0.37,noATU,ATU_additions,12.06.2025,59607905
0.166666667,NV1,0.42,3mM_ATU,ATU_additions,12.06.2025,59607905
0.166666667,NV2,0.37,3mM_ATU,ATU_additions,12.06.2025,59607905
0.166666667,NV3,0.41,3mM_ATU,ATU_additions,12.06.2025,59607905
0.166666667,NV4,0.46,3mM_ATU,ATU_additions,12.06.2025,59607905
0.166666667,NV5,0.49,noATU,ATU_additions,12.06.2025,59607905
0.166666667,NV6,0.28,noATU,ATU_additions,12.06.2025,59607905
0.166666667,NV7,0.48,noATU,ATU_additions,12.06.2025,59607905
0.166666667,NV8,0.4,noATU,ATU_additions,12.06.2025,59607905
0.25,NV1,0.47,3mM_ATU,ATU_additions,12.06.2025,59607905
0.25,NV2,0.41,3mM_ATU,ATU_additions,12.06.2025,59607905
0.25,NV3,0.45,3mM_ATU,ATU_additions,12.06.2025,59607905
0.25,NV4,0.45,3mM_ATU,ATU_additions,12.06.2025,59607905
0.25,NV5,0.53,noATU,ATU_additions,12.06.2025,59607905
0.25,NV6,0.31,noATU,ATU_additions,12.06.2025,59607905
0.25,NV7,0.52,noATU,ATU_additions,12.06.2025,59607905
0.25,NV8,0.43,noATU,ATU_additions,12.06.2025,59607905
0.5,NV1,0.61,3mM_ATU,ATU_additions,12.06.2025,59607905
0.5,NV2,0.57,3mM_ATU,ATU_additions,12.06.2025,59607905
0.5,NV3,0.58,3mM_ATU,ATU_additions,12.06.2025,59607905
0.5,NV4,0.6,3mM_ATU,ATU_additions,12.06.2025,59607905
0.5,NV5,0.7,noATU,ATU_additions,12.06.2025,59607905
0.5,NV6,0.45,noATU,ATU_additions,12.06.2025,59607905
0.5,NV7,0.67,noATU,ATU_additions,12.06.2025,59607905
0.5,NV8,0.58,noATU,ATU_additions,12.06.2025,59607905
0.75,NV1,0.79,3mM_ATU,ATU_additions,12.06.2025,59607905
0.75,NV2,0.77,3mM_ATU,ATU_additions,12.06.2025,59607905
0.75,NV3,0.74,3mM_ATU,ATU_additions,12.06.2025,59607905
0.75,NV4,0.78,3mM_ATU,ATU_additions,12.06.2025,59607905
0.75,NV5,0.88,noATU,ATU_additions,12.06.2025,59607905
0.75,NV6,0.65,noATU,ATU_additions,12.06.2025,59607905
0.75,NV7,0.84,noATU,ATU_additions,12.06.2025,59607905
0.75,NV8,0.76,noATU,ATU_additions,12.06.2025,59607905
0.85,NV1,0.8,3mM_ATU,ATU_additions,12.06.2025,59607905
0.85,NV2,0.76,3mM_ATU,ATU_additions,12.06.2025,59607905
0.85,NV3,0.96,3mM_ATU,ATU_additions,12.06.2025,59607905
0.85,NV4,0.84,3mM_ATU,ATU_additions,12.06.2025,59607905
0.85,NV5,0.96,noATU,ATU_additions,12.06.2025,59607905
0.85,NV6,0.75,noATU,ATU_additions,12.06.2025,59607905
0.85,NV7,0.92,noATU,ATU_additions,12.06.2025,59607905
0.85,NV8,0.84,noATU,ATU_additions,12.06.2025,59607905
1,NV1,0.66,3mM_ATU,ATU_additions,12.06.2025,59607905
1,NV2,0.69,3mM_ATU,ATU_additions,12.06.2025,59607905
1,NV3,0.44,3mM_ATU,ATU_additions,12.06.2025,59607905
1,NV4,0.77,3mM_ATU,ATU_additions,12.06.2025,59607905
1,NV5,0.97,noATU,ATU_additions,12.06.2025,59607905
1,NV6,0.76,noATU,ATU_additions,12.06.2025,59607905
1,NV7,0.93,noATU,ATU_additions,12.06.2025,59607905
1,NV8,0.85,noATU,ATU_additions,12.06.2025,59607905
1.25,NV1,0.65,3mM_ATU,ATU_additions,12.06.2025,59607905
1.25,NV2,0.71,3mM_ATU,ATU_additions,12.06.2025,59607905
1.25,NV3,0.33,3mM_ATU,ATU_additions,12.06.2025,59607905
1.25,NV4,0.81,3mM_ATU,ATU_additions,12.06.2025,59607905
1.25,NV5,1.1,noATU,ATU_additions,12.06.2025,59607905
1.25,NV6,0.87,noATU,ATU_additions,12.06.2025,59607905
1.25,NV7,1,noATU,ATU_additions,12.06.2025,59607905
1.25,NV8,0.96,noATU,ATU_additions,12.06.2025,59607905
1.5,NV1,0.73,3mM_ATU,ATU_additions,12.06.2025,59607905
1.5,NV2,0.83,3mM_ATU,ATU_additions,12.06.2025,59607905
1.5,NV3,0.29,3mM_ATU,ATU_additions,12.06.2025,59607905
1.5,NV4,0.93,3mM_ATU,ATU_additions,12.06.2025,59607905
1.5,NV5,1.2,noATU,ATU_additions,12.06.2025,59607905
1.5,NV6,1,noATU,ATU_additions,12.06.2025,59607905
1.5,NV7,1.1,noATU,ATU_additions,12.06.2025,59607905
1.5,NV8,1.1,noATU,ATU_additions,12.06.2025,59607905
2,NV1,1.2,3mM_ATU,ATU_additions,12.06.2025,59607905
2,NV2,1.3,3mM_ATU,ATU_additions,12.06.2025,59607905
2,NV3,0.56,3mM_ATU,ATU_additions,12.06.2025,59607905
2,NV4,1.4,3mM_ATU,ATU_additions,12.06.2025,59607905
2,NV5,1.5,noATU,ATU_additions,12.06.2025,59607905
2,NV6,1.4,noATU,ATU_additions,12.06.2025,59607905
2,NV7,1.3,noATU,ATU_additions,12.06.2025,59607905
2,NV8,1.3,noATU,ATU_additions,12.06.2025,59607905
3,NV1,1.4,3mM_ATU,ATU_additions,12.06.2025,59607905
3,NV2,1.5,3mM_ATU,ATU_additions,12.06.2025,59607905
3,NV3,0.75,3mM_ATU,ATU_additions,12.06.2025,59607905
3,NV4,1.5,3mM_ATU,ATU_additions,12.06.2025,59607905
3,NV5,1.7,noATU,ATU_additions,12.06.2025,59607905
3,NV6,1.5,noATU,ATU_additions,12.06.2025,59607905
3,NV7,1.6,noATU,ATU_additions,12.06.2025,59607905
3,NV8,1.5,noATU,ATU_additions,12.06.2025,59607905
3.166666667,NV1,2,3mM_ATU,ATU_additions,12.06.2025,59607905
3.166666667,NV2,2,3mM_ATU,ATU_additions,12.06.2025,59607905
3.166666667,NV3,1.4,3mM_ATU,ATU_additions,12.06.2025,59607905
3.166666667,NV4,2.2,3mM_ATU,ATU_additions,12.06.2025,59607905
3.166666667,NV5,2.2,noATU,ATU_additions,12.06.2025,59607905
3.166666667,NV6,2.1,noATU,ATU_additions,12.06.2025,59607905
3.166666667,NV7,2.2,noATU,ATU_additions,12.06.2025,59607905
3.166666667,NV8,2.3,noATU,ATU_additions,12.06.2025,59607905
3.25,NV1,1.6,3mM_ATU,ATU_additions,12.06.2025,59607905
3.25,NV2,1.5,3mM_ATU,ATU_additions,12.06.2025,59607905
3.25,NV3,1.5,3mM_ATU,ATU_additions,12.06.2025,59607905
3.25,NV4,1.7,3mM_ATU,ATU_additions,12.06.2025,59607905
3.25,NV5,1.1,noATU,ATU_additions,12.06.2025,59607905
3.25,NV6,0.94,noATU,ATU_additions,12.06.2025,59607905
3.25,NV7,1.1,noATU,ATU_additions,12.06.2025,59607905
3.25,NV8,1.1,noATU,ATU_additions,12.06.2025,59607905
3.333333333,NV1,1.5,3mM_ATU,ATU_additions,12.06.2025,59607905
3.333333333,NV2,1.4,3mM_ATU,ATU_additions,12.06.2025,59607905
3.333333333,NV3,1.5,3mM_ATU,ATU_additions,12.06.2025,59607905
3.333333333,NV4,1,3mM_ATU,ATU_additions,12.06.2025,59607905
3.333333333,NV5,0.86,noATU,ATU_additions,12.06.2025,59607905
3.333333333,NV6,0.71,noATU,ATU_additions,12.06.2025,59607905
3.333333333,NV7,0.73,noATU,ATU_additions,12.06.2025,59607905
3.333333333,NV8,0.76,noATU,ATU_additions,12.06.2025,59607905
3.416666667,NV1,1.5,3mM_ATU,ATU_additions,12.06.2025,59607905
3.416666667,NV2,1.4,3mM_ATU,ATU_additions,12.06.2025,59607905
3.416666667,NV3,1.6,3mM_ATU,ATU_additions,12.06.2025,59607905
3.416666667,NV4,0.94,3mM_ATU,ATU_additions,12.06.2025,59607905
3.416666667,NV5,0.87,noATU,ATU_additions,12.06.2025,59607905
3.416666667,NV6,0.72,noATU,ATU_additions,12.06.2025,59607905
3.416666667,NV7,0.81,noATU,ATU_additions,12.06.2025,59607905
3.416666667,NV8,0.75,noATU,ATU_additions,12.06.2025,59607905
3.5,NV1,1.4,3mM_ATU,ATU_additions,12.06.2025,59607905
3.5,NV2,1.3,3mM_ATU,ATU_additions,12.06.2025,59607905
3.5,NV3,1.5,3mM_ATU,ATU_additions,12.06.2025,59607905
3.5,NV4,0.92,3mM_ATU,ATU_additions,12.06.2025,59607905
3.5,NV5,0.92,noATU,ATU_additions,12.06.2025,59607905
3.5,NV6,0.78,noATU,ATU_additions,12.06.2025,59607905
3.5,NV7,0.96,noATU,ATU_additions,12.06.2025,59607905
3.5,NV8,0.82,noATU,ATU_additions,12.06.2025,59607905
4,NV1,1.3,3mM_ATU,ATU_additions,12.06.2025,59607905
4,NV2,1.2,3mM_ATU,ATU_additions,12.06.2025,59607905
4,NV3,1.4,3mM_ATU,ATU_additions,12.06.2025,59607905
4,NV4,0.75,3mM_ATU,ATU_additions,12.06.2025,59607905
4,NV5,1.2,noATU,ATU_additions,12.06.2025,59607905
4,NV6,1.1,noATU,ATU_additions,12.06.2025,59607905
4,NV7,1.1,noATU,ATU_additions,12.06.2025,59607905
4,NV8,1.1,noATU,ATU_additions,12.06.2025,59607905
4.5,NV1,1.1,3mM_ATU,ATU_additions,12.06.2025,59607905
4.5,NV2,1,3mM_ATU,ATU_additions,12.06.2025,59607905
4.5,NV3,1.2,3mM_ATU,ATU_additions,12.06.2025,59607905
4.5,NV4,0.62,3mM_ATU,ATU_additions,12.06.2025,59607905
4.5,NV5,1.4,noATU,ATU_additions,12.06.2025,59607905
4.5,NV6,1.3,noATU,ATU_additions,12.06.2025,59607905
4.5,NV7,1.3,noATU,ATU_additions,12.06.2025,59607905
4.5,NV8,1.3,noATU,ATU_additions,12.06.2025,59607905
5,NV1,0.9,3mM_ATU,ATU_additions,12.06.2025,59607905
5,NV2,0.8,3mM_ATU,ATU_additions,12.06.2025,59607905
5,NV3,0.99,3mM_ATU,ATU_additions,12.06.2025,59607905
5,NV4,0.49,3mM_ATU,ATU_additions,12.06.2025,59607905
5,NV5,1.6,noATU,ATU_additions,12.06.2025,59607905
5,NV6,1.5,noATU,ATU_additions,12.06.2025,59607905
5,NV7,1.5,noATU,ATU_additions,12.06.2025,59607905
5,NV8,1.5,noATU,ATU_additions,12.06.2025,59607905
5.5,NV1,0.76,3mM_ATU,ATU_additions,12.06.2025,59607905
5.5,NV2,0.56,3mM_ATU,ATU_additions,12.06.2025,59607905
5.5,NV3,0.86,3mM_ATU,ATU_additions,12.06.2025,59607905
5.5,NV4,0.34,3mM_ATU,ATU_additions,12.06.2025,59607905
5.5,NV5,1.8,noATU,ATU_additions,12.06.2025,59607905
5.5,NV6,1.7,noATU,ATU_additions,12.06.2025,59607905
5.5,NV7,1.7,noATU,ATU_additions,12.06.2025,59607905
5.5,NV8,1.7,noATU,ATU_additions,12.06.2025,59607905
6,NV1,0.61,3mM_ATU,ATU_additions,12.06.2025,59607905
6,NV2,0.53,3mM_ATU,ATU_additions,12.06.2025,59607905
6,NV3,0.63,3mM_ATU,ATU_additions,12.06.2025,59607905
6,NV4,0.26,3mM_ATU,ATU_additions,12.06.2025,59607905
6,NV5,2,noATU,ATU_additions,12.06.2025,59607905
6,NV6,1.8,noATU,ATU_additions,12.06.2025,59607905
6,NV7,1.9,noATU,ATU_additions,12.06.2025,59607905
6,NV8,1.9,noATU,ATU_additions,12.06.2025,59607905
7,NV1,0.36,3mM_ATU,ATU_additions,12.06.2025,59607905
7,NV2,0.28,3mM_ATU,ATU_additions,12.06.2025,59607905
7,NV3,0.321,3mM_ATU,ATU_additions,12.06.2025,59607905
7,NV4,0.73,3mM_ATU,ATU_additions,12.06.2025,59607905
7,NV5,2.3,noATU,ATU_additions,12.06.2025,59607905
7,NV6,2.2,noATU,ATU_additions,12.06.2025,59607905
7,NV7,2.1,noATU,ATU_additions,12.06.2025,59607905
7,NV8,2.2,noATU,ATU_additions,12.06.2025,59607905
23,NV1,2.9,3mM_ATU,ATU_additions,12.06.2025,59607905
23,NV2,2.9,3mM_ATU,ATU_additions,12.06.2025,59607905
23,NV3,3,3mM_ATU,ATU_additions,12.06.2025,59607905
23,NV4,3.1,3mM_ATU,ATU_additions,12.06.2025,59607905
23,NV5,3.4,noATU,ATU_additions,12.06.2025,59607905
23,NV6,3.3,noATU,ATU_additions,12.06.2025,59607905
23,NV7,3.5,noATU,ATU_additions,12.06.2025,59607905
23,NV8,3.3,noATU,ATU_additions,12.06.2025,59607905
24,NV1,2.9,3mM_ATU,ATU_additions,12.06.2025,59607905
24,NV2,2.9,3mM_ATU,ATU_additions,12.06.2025,59607905
24,NV3,3,3mM_ATU,ATU_additions,12.06.2025,59607905
24,NV4,3.1,3mM_ATU,ATU_additions,12.06.2025,59607905
24,NV5,3.6,noATU,ATU_additions,12.06.2025,59607905
24,NV6,3.4,noATU,ATU_additions,12.06.2025,59607905
24,NV7,3.5,noATU,ATU_additions,12.06.2025,59607905
24,NV8,3.4,noATU,ATU_additions,12.06.2025,59607905
0,NV1,1.2,undisturbed_production,O2_additions_1,12.05.2025,61600000
0,NV2,0.8,undisturbed_production,O2_additions_1,12.05.2025,61600000
0,NV3,1.2,undisturbed_production,O2_additions_1,12.05.2025,61600000
0,NV4,0.28,undisturbed_production,O2_additions_1,12.05.2025,61600000
0,NV6,1,additions_of_O2,O2_additions_1,12.05.2025,61600000
0,NV7,0.79,additions_of_O2,O2_additions_1,12.05.2025,61600000
0,NV8,1.1,additions_of_O2,O2_additions_1,12.05.2025,61600000
0.016666667,NV1,1.3,undisturbed_production,O2_additions_1,12.05.2025,61600000
0.016666667,NV2,1.3,undisturbed_production,O2_additions_1,12.05.2025,61600000
0.016666667,NV3,1.8,undisturbed_production,O2_additions_1,12.05.2025,61600000
0.016666667,NV4,0.8,undisturbed_production,O2_additions_1,12.05.2025,61600000
0.016666667,NV6,1.9,additions_of_O2,O2_additions_1,12.05.2025,61600000
0.016666667,NV7,1.8,additions_of_O2,O2_additions_1,12.05.2025,61600000
0.016666667,NV8,1.9,additions_of_O2,O2_additions_1,12.05.2025,61600000
0.083333333,NV1,0.54,undisturbed_production,O2_additions_1,12.05.2025,61600000
0.083333333,NV2,0.78,undisturbed_production,O2_additions_1,12.05.2025,61600000
0.083333333,NV3,0.95,undisturbed_production,O2_additions_1,12.05.2025,61600000
0.083333333,NV4,0.39,undisturbed_production,O2_additions_1,12.05.2025,61600000
0.083333333,NV6,0.55,additions_of_O2,O2_additions_1,12.05.2025,61600000
0.083333333,NV7,0.59,additions_of_O2,O2_additions_1,12.05.2025,61600000
0.083333333,NV8,0.48,additions_of_O2,O2_additions_1,12.05.2025,61600000
0.116666667,NV1,0.4,undisturbed_production,O2_additions_1,12.05.2025,61600000
0.116666667,NV2,0.33,undisturbed_production,O2_additions_1,12.05.2025,61600000
0.116666667,NV3,0.33,undisturbed_production,O2_additions_1,12.05.2025,61600000
0.116666667,NV4,0.26,undisturbed_production,O2_additions_1,12.05.2025,61600000
0.116666667,NV6,0.3,additions_of_O2,O2_additions_1,12.05.2025,61600000
0.116666667,NV7,0.42,additions_of_O2,O2_additions_1,12.05.2025,61600000
0.116666667,NV8,0.38,additions_of_O2,O2_additions_1,12.05.2025,61600000
0.25,NV1,0.4,undisturbed_production,O2_additions_1,12.05.2025,61600000
0.25,NV2,0.33,undisturbed_production,O2_additions_1,12.05.2025,61600000
0.25,NV3,0.33,undisturbed_production,O2_additions_1,12.05.2025,61600000
0.25,NV4,0.26,undisturbed_production,O2_additions_1,12.05.2025,61600000
0.25,NV6,0.28,additions_of_O2,O2_additions_1,12.05.2025,61600000
0.25,NV7,0.3,additions_of_O2,O2_additions_1,12.05.2025,61600000
0.25,NV8,0.35,additions_of_O2,O2_additions_1,12.05.2025,61600000
0.333333333,NV1,0.43,undisturbed_production,O2_additions_1,12.05.2025,61600000
0.333333333,NV2,0.45,undisturbed_production,O2_additions_1,12.05.2025,61600000
0.333333333,NV3,0.44,undisturbed_production,O2_additions_1,12.05.2025,61600000
0.333333333,NV4,0.37,undisturbed_production,O2_additions_1,12.05.2025,61600000
0.333333333,NV6,0.38,additions_of_O2,O2_additions_1,12.05.2025,61600000
0.333333333,NV7,0.57,additions_of_O2,O2_additions_1,12.05.2025,61600000
0.333333333,NV8,0.54,additions_of_O2,O2_additions_1,12.05.2025,61600000
0.5,NV1,0.48,undisturbed_production,O2_additions_1,12.05.2025,61600000
0.5,NV2,0.55,undisturbed_production,O2_additions_1,12.05.2025,61600000
0.5,NV3,0.54,undisturbed_production,O2_additions_1,12.05.2025,61600000
0.5,NV4,0.46,undisturbed_production,O2_additions_1,12.05.2025,61600000
0.5,NV6,0.48,additions_of_O2,O2_additions_1,12.05.2025,61600000
0.5,NV7,0.67,additions_of_O2,O2_additions_1,12.05.2025,61600000
0.5,NV8,0.61,additions_of_O2,O2_additions_1,12.05.2025,61600000
0.75,NV1,0.64,undisturbed_production,O2_additions_1,12.05.2025,61600000
0.75,NV2,0.74,undisturbed_production,O2_additions_1,12.05.2025,61600000
0.75,NV3,0.72,undisturbed_production,O2_additions_1,12.05.2025,61600000
0.75,NV4,0.64,undisturbed_production,O2_additions_1,12.05.2025,61600000
0.75,NV6,0.68,additions_of_O2,O2_additions_1,12.05.2025,61600000
0.75,NV7,0.91,additions_of_O2,O2_additions_1,12.05.2025,61600000
0.75,NV8,0.83,additions_of_O2,O2_additions_1,12.05.2025,61600000
1,NV1,0.76,undisturbed_production,O2_additions_1,12.05.2025,61600000
1,NV2,0.92,undisturbed_production,O2_additions_1,12.05.2025,61600000
1,NV3,0.88,undisturbed_production,O2_additions_1,12.05.2025,61600000
1,NV4,0.82,undisturbed_production,O2_additions_1,12.05.2025,61600000
1,NV6,0.86,additions_of_O2,O2_additions_1,12.05.2025,61600000
1,NV7,1.1,additions_of_O2,O2_additions_1,12.05.2025,61600000
1,NV8,1,additions_of_O2,O2_additions_1,12.05.2025,61600000
1.166666667,NV1,NA,undisturbed_production,O2_additions_1,12.05.2025,61600000
1.166666667,NV2,NA,undisturbed_production,O2_additions_1,12.05.2025,61600000
1.166666667,NV3,NA,undisturbed_production,O2_additions_1,12.05.2025,61600000
1.166666667,NV4,NA,undisturbed_production,O2_additions_1,12.05.2025,61600000
1.166666667,NV6,0.92,additions_of_O2,O2_additions_1,12.05.2025,61600000
1.166666667,NV7,1.2,additions_of_O2,O2_additions_1,12.05.2025,61600000
1.166666667,NV8,1.4,additions_of_O2,O2_additions_1,12.05.2025,61600000
1.25,NV1,0.86,undisturbed_production,O2_additions_1,12.05.2025,61600000
1.25,NV2,1,undisturbed_production,O2_additions_1,12.05.2025,61600000
1.25,NV3,0.98,undisturbed_production,O2_additions_1,12.05.2025,61600000
1.25,NV4,0.94,undisturbed_production,O2_additions_1,12.05.2025,61600000
1.25,NV6,0.87,additions_of_O2,O2_additions_1,12.05.2025,61600000
1.25,NV7,1.1,additions_of_O2,O2_additions_1,12.05.2025,61600000
1.25,NV8,1,additions_of_O2,O2_additions_1,12.05.2025,61600000
1.333333333,NV1,0.86,undisturbed_production,O2_additions_1,12.05.2025,61600000
1.333333333,NV2,1,undisturbed_production,O2_additions_1,12.05.2025,61600000
1.333333333,NV3,0.99,undisturbed_production,O2_additions_1,12.05.2025,61600000
1.333333333,NV4,0.97,undisturbed_production,O2_additions_1,12.05.2025,61600000
1.333333333,NV6,0.9,additions_of_O2,O2_additions_1,12.05.2025,61600000
1.333333333,NV7,1.1,additions_of_O2,O2_additions_1,12.05.2025,61600000
1.333333333,NV8,1,additions_of_O2,O2_additions_1,12.05.2025,61600000
1.5,NV1,0.97,undisturbed_production,O2_additions_1,12.05.2025,61600000
1.5,NV2,1.2,undisturbed_production,O2_additions_1,12.05.2025,61600000
1.5,NV3,1.1,undisturbed_production,O2_additions_1,12.05.2025,61600000
1.5,NV4,1.1,undisturbed_production,O2_additions_1,12.05.2025,61600000
1.5,NV6,1,additions_of_O2,O2_additions_1,12.05.2025,61600000
1.5,NV7,1.3,additions_of_O2,O2_additions_1,12.05.2025,61600000
1.5,NV8,1.2,additions_of_O2,O2_additions_1,12.05.2025,61600000
1.583333333,NV1,NA,undisturbed_production,O2_additions_1,12.05.2025,61600000
1.583333333,NV2,NA,undisturbed_production,O2_additions_1,12.05.2025,61600000
1.583333333,NV3,NA,undisturbed_production,O2_additions_1,12.05.2025,61600000
1.583333333,NV4,NA,undisturbed_production,O2_additions_1,12.05.2025,61600000
1.583333333,NV6,1.5,additions_of_O2,O2_additions_1,12.05.2025,61600000
1.583333333,NV7,1.8,additions_of_O2,O2_additions_1,12.05.2025,61600000
1.583333333,NV8,1.7,additions_of_O2,O2_additions_1,12.05.2025,61600000
1.666666667,NV1,NA,undisturbed_production,O2_additions_1,12.05.2025,61600000
1.666666667,NV2,NA,undisturbed_production,O2_additions_1,12.05.2025,61600000
1.666666667,NV3,NA,undisturbed_production,O2_additions_1,12.05.2025,61600000
1.666666667,NV4,NA,undisturbed_production,O2_additions_1,12.05.2025,61600000
1.666666667,NV6,0.96,additions_of_O2,O2_additions_1,12.05.2025,61600000
1.666666667,NV7,1.2,additions_of_O2,O2_additions_1,12.05.2025,61600000
1.666666667,NV8,1.1,additions_of_O2,O2_additions_1,12.05.2025,61600000
1.75,NV1,NA,undisturbed_production,O2_additions_1,12.05.2025,61600000
1.75,NV2,NA,undisturbed_production,O2_additions_1,12.05.2025,61600000
1.75,NV3,NA,undisturbed_production,O2_additions_1,12.05.2025,61600000
1.75,NV4,NA,undisturbed_production,O2_additions_1,12.05.2025,61600000
1.75,NV6,0.94,additions_of_O2,O2_additions_1,12.05.2025,61600000
1.75,NV7,1.2,additions_of_O2,O2_additions_1,12.05.2025,61600000
1.75,NV8,1.1,additions_of_O2,O2_additions_1,12.05.2025,61600000
1.833333333,NV1,NA,undisturbed_production,O2_additions_1,12.05.2025,61600000
1.833333333,NV2,NA,undisturbed_production,O2_additions_1,12.05.2025,61600000
1.833333333,NV3,NA,undisturbed_production,O2_additions_1,12.05.2025,61600000
1.833333333,NV4,NA,undisturbed_production,O2_additions_1,12.05.2025,61600000
1.833333333,NV6,0.95,additions_of_O2,O2_additions_1,12.05.2025,61600000
1.833333333,NV7,1.2,additions_of_O2,O2_additions_1,12.05.2025,61600000
1.833333333,NV8,1,additions_of_O2,O2_additions_1,12.05.2025,61600000
2,NV1,1.1,undisturbed_production,O2_additions_1,12.05.2025,61600000
2,NV2,1.3,undisturbed_production,O2_additions_1,12.05.2025,61600000
2,NV3,1.3,undisturbed_production,O2_additions_1,12.05.2025,61600000
2,NV4,1.2,undisturbed_production,O2_additions_1,12.05.2025,61600000
2,NV6,0.89,additions_of_O2,O2_additions_1,12.05.2025,61600000
2,NV7,1.1,additions_of_O2,O2_additions_1,12.05.2025,61600000
2,NV8,1,additions_of_O2,O2_additions_1,12.05.2025,61600000
2.166666667,NV1,NA,undisturbed_production,O2_additions_1,12.05.2025,61600000
2.166666667,NV2,NA,undisturbed_production,O2_additions_1,12.05.2025,61600000
2.166666667,NV3,NA,undisturbed_production,O2_additions_1,12.05.2025,61600000
2.166666667,NV4,NA,undisturbed_production,O2_additions_1,12.05.2025,61600000
2.166666667,NV6,0.96,additions_of_O2,O2_additions_1,12.05.2025,61600000
2.166666667,NV7,1.2,additions_of_O2,O2_additions_1,12.05.2025,61600000
2.166666667,NV8,1.1,additions_of_O2,O2_additions_1,12.05.2025,61600000
2.25,NV1,NA,undisturbed_production,O2_additions_1,12.05.2025,61600000
2.25,NV2,NA,undisturbed_production,O2_additions_1,12.05.2025,61600000
2.25,NV3,NA,undisturbed_production,O2_additions_1,12.05.2025,61600000
2.25,NV4,NA,undisturbed_production,O2_additions_1,12.05.2025,61600000
2.25,NV6,1.7,additions_of_O2,O2_additions_1,12.05.2025,61600000
2.25,NV7,2,additions_of_O2,O2_additions_1,12.05.2025,61600000
2.25,NV8,1.9,additions_of_O2,O2_additions_1,12.05.2025,61600000
2.333333333,NV1,NA,undisturbed_production,O2_additions_1,12.05.2025,61600000
2.333333333,NV2,NA,undisturbed_production,O2_additions_1,12.05.2025,61600000
2.333333333,NV3,NA,undisturbed_production,O2_additions_1,12.05.2025,61600000
2.333333333,NV4,NA,undisturbed_production,O2_additions_1,12.05.2025,61600000
2.333333333,NV6,0.76,additions_of_O2,O2_additions_1,12.05.2025,61600000
2.333333333,NV7,1,additions_of_O2,O2_additions_1,12.05.2025,61600000
2.333333333,NV8,0.92,additions_of_O2,O2_additions_1,12.05.2025,61600000
2.416666667,NV1,NA,undisturbed_production,O2_additions_1,12.05.2025,61600000
2.416666667,NV2,NA,undisturbed_production,O2_additions_1,12.05.2025,61600000
2.416666667,NV3,NA,undisturbed_production,O2_additions_1,12.05.2025,61600000
2.416666667,NV4,NA,undisturbed_production,O2_additions_1,12.05.2025,61600000
2.416666667,NV6,0.7,additions_of_O2,O2_additions_1,12.05.2025,61600000
2.416666667,NV7,0.91,additions_of_O2,O2_additions_1,12.05.2025,61600000
2.416666667,NV8,0.77,additions_of_O2,O2_additions_1,12.05.2025,61600000
2.5,NV1,1.2,undisturbed_production,O2_additions_1,12.05.2025,61600000
2.5,NV2,1.5,undisturbed_production,O2_additions_1,12.05.2025,61600000
2.5,NV3,1.4,undisturbed_production,O2_additions_1,12.05.2025,61600000
2.5,NV4,1.4,undisturbed_production,O2_additions_1,12.05.2025,61600000
2.5,NV6,0.64,additions_of_O2,O2_additions_1,12.05.2025,61600000
2.5,NV7,0.6,additions_of_O2,O2_additions_1,12.05.2025,61600000
2.5,NV8,0.8,additions_of_O2,O2_additions_1,12.05.2025,61600000
2.583333333,NV1,NA,undisturbed_production,O2_additions_1,12.05.2025,61600000
2.583333333,NV2,NA,undisturbed_production,O2_additions_1,12.05.2025,61600000
2.583333333,NV3,NA,undisturbed_production,O2_additions_1,12.05.2025,61600000
2.583333333,NV4,NA,undisturbed_production,O2_additions_1,12.05.2025,61600000
2.583333333,NV6,0.66,additions_of_O2,O2_additions_1,12.05.2025,61600000
2.583333333,NV7,0.98,additions_of_O2,O2_additions_1,12.05.2025,61600000
2.583333333,NV8,0.83,additions_of_O2,O2_additions_1,12.05.2025,61600000
2.75,NV1,NA,undisturbed_production,O2_additions_1,12.05.2025,61600000
2.75,NV2,NA,undisturbed_production,O2_additions_1,12.05.2025,61600000
2.75,NV3,NA,undisturbed_production,O2_additions_1,12.05.2025,61600000
2.75,NV4,NA,undisturbed_production,O2_additions_1,12.05.2025,61600000
2.75,NV6,0.8,additions_of_O2,O2_additions_1,12.05.2025,61600000
2.75,NV7,1.1,additions_of_O2,O2_additions_1,12.05.2025,61600000
2.75,NV8,0.98,additions_of_O2,O2_additions_1,12.05.2025,61600000
3,NV1,1.4,undisturbed_production,O2_additions_1,12.05.2025,61600000
3,NV2,1.8,undisturbed_production,O2_additions_1,12.05.2025,61600000
3,NV3,1.7,undisturbed_production,O2_additions_1,12.05.2025,61600000
3,NV4,1.7,undisturbed_production,O2_additions_1,12.05.2025,61600000
3,NV6,0.96,additions_of_O2,O2_additions_1,12.05.2025,61600000
3,NV7,1.3,additions_of_O2,O2_additions_1,12.05.2025,61600000
3,NV8,1.1,additions_of_O2,O2_additions_1,12.05.2025,61600000
3.5,NV1,1.5,undisturbed_production,O2_additions_1,12.05.2025,61600000
3.5,NV2,1.9,undisturbed_production,O2_additions_1,12.05.2025,61600000
3.5,NV3,1.8,undisturbed_production,O2_additions_1,12.05.2025,61600000
3.5,NV4,1.8,undisturbed_production,O2_additions_1,12.05.2025,61600000
3.5,NV6,1.1,additions_of_O2,O2_additions_1,12.05.2025,61600000
3.5,NV7,1.5,additions_of_O2,O2_additions_1,12.05.2025,61600000
3.5,NV8,1.3,additions_of_O2,O2_additions_1,12.05.2025,61600000
4,NV1,1.8,undisturbed_production,O2_additions_1,12.05.2025,61600000
4,NV2,2.4,undisturbed_production,O2_additions_1,12.05.2025,61600000
4,NV3,2.4,undisturbed_production,O2_additions_1,12.05.2025,61600000
4,NV4,2.3,undisturbed_production,O2_additions_1,12.05.2025,61600000
4,NV6,1.3,additions_of_O2,O2_additions_1,12.05.2025,61600000
4,NV7,1.7,additions_of_O2,O2_additions_1,12.05.2025,61600000
4,NV8,1.5,additions_of_O2,O2_additions_1,12.05.2025,61600000
5,NV1,1.9,undisturbed_production,O2_additions_1,12.05.2025,61600000
5,NV2,2.5,undisturbed_production,O2_additions_1,12.05.2025,61600000
5,NV3,2.5,undisturbed_production,O2_additions_1,12.05.2025,61600000
5,NV4,2.4,undisturbed_production,O2_additions_1,12.05.2025,61600000
5,NV6,1.6,additions_of_O2,O2_additions_1,12.05.2025,61600000
5,NV7,2.1,additions_of_O2,O2_additions_1,12.05.2025,61600000
5,NV8,1.8,additions_of_O2,O2_additions_1,12.05.2025,61600000
5.5,NV1,NA,undisturbed_production,O2_additions_1,12.05.2025,61600000
5.5,NV2,NA,undisturbed_production,O2_additions_1,12.05.2025,61600000
5.5,NV3,NA,undisturbed_production,O2_additions_1,12.05.2025,61600000
5.5,NV4,NA,undisturbed_production,O2_additions_1,12.05.2025,61600000
5.5,NV6,1.7,additions_of_O2,O2_additions_1,12.05.2025,61600000
5.5,NV7,2.2,additions_of_O2,O2_additions_1,12.05.2025,61600000
5.5,NV8,1.9,additions_of_O2,O2_additions_1,12.05.2025,61600000
5.583333333,NV1,NA,undisturbed_production,O2_additions_1,12.05.2025,61600000
5.583333333,NV2,NA,undisturbed_production,O2_additions_1,12.05.2025,61600000
5.583333333,NV3,NA,undisturbed_production,O2_additions_1,12.05.2025,61600000
5.583333333,NV4,NA,undisturbed_production,O2_additions_1,12.05.2025,61600000
5.583333333,NV6,3.43,additions_of_O2,O2_additions_1,12.05.2025,61600000
5.583333333,NV7,3.93,additions_of_O2,O2_additions_1,12.05.2025,61600000
5.583333333,NV8,3.63,additions_of_O2,O2_additions_1,12.05.2025,61600000
5.666666667,NV1,NA,undisturbed_production,O2_additions_1,12.05.2025,61600000
5.666666667,NV2,NA,undisturbed_production,O2_additions_1,12.05.2025,61600000
5.666666667,NV3,NA,undisturbed_production,O2_additions_1,12.05.2025,61600000
5.666666667,NV4,NA,undisturbed_production,O2_additions_1,12.05.2025,61600000
5.666666667,NV6,0.94,additions_of_O2,O2_additions_1,12.05.2025,61600000
5.666666667,NV7,1.4,additions_of_O2,O2_additions_1,12.05.2025,61600000
5.666666667,NV8,1.2,additions_of_O2,O2_additions_1,12.05.2025,61600000
5.75,NV1,NA,undisturbed_production,O2_additions_1,12.05.2025,61600000
5.75,NV2,NA,undisturbed_production,O2_additions_1,12.05.2025,61600000
5.75,NV3,NA,undisturbed_production,O2_additions_1,12.05.2025,61600000
5.75,NV4,NA,undisturbed_production,O2_additions_1,12.05.2025,61600000
5.75,NV6,0.73,additions_of_O2,O2_additions_1,12.05.2025,61600000
5.75,NV7,1.3,additions_of_O2,O2_additions_1,12.05.2025,61600000
5.75,NV8,0.93,additions_of_O2,O2_additions_1,12.05.2025,61600000
5.833333333,NV1,NA,undisturbed_production,O2_additions_1,12.05.2025,61600000
5.833333333,NV2,NA,undisturbed_production,O2_additions_1,12.05.2025,61600000
5.833333333,NV3,NA,undisturbed_production,O2_additions_1,12.05.2025,61600000
5.833333333,NV4,NA,undisturbed_production,O2_additions_1,12.05.2025,61600000
5.833333333,NV6,0.76,additions_of_O2,O2_additions_1,12.05.2025,61600000
5.833333333,NV7,1.3,additions_of_O2,O2_additions_1,12.05.2025,61600000
5.833333333,NV8,0.96,additions_of_O2,O2_additions_1,12.05.2025,61600000
6,NV1,NA,undisturbed_production,O2_additions_1,12.05.2025,61600000
6,NV2,NA,undisturbed_production,O2_additions_1,12.05.2025,61600000
6,NV3,NA,undisturbed_production,O2_additions_1,12.05.2025,61600000
6,NV4,NA,undisturbed_production,O2_additions_1,12.05.2025,61600000
6,NV6,0.86,additions_of_O2,O2_additions_1,12.05.2025,61600000
6,NV7,1.4,additions_of_O2,O2_additions_1,12.05.2025,61600000
6,NV8,1.1,additions_of_O2,O2_additions_1,12.05.2025,61600000
6.5,NV1,2.1,undisturbed_production,O2_additions_1,12.05.2025,61600000
6.5,NV2,2.7,undisturbed_production,O2_additions_1,12.05.2025,61600000
6.5,NV3,2.6,undisturbed_production,O2_additions_1,12.05.2025,61600000
6.5,NV4,2.7,undisturbed_production,O2_additions_1,12.05.2025,61600000
6.5,NV6,1,additions_of_O2,O2_additions_1,12.05.2025,61600000
6.5,NV7,1.6,additions_of_O2,O2_additions_1,12.05.2025,61600000
6.5,NV8,1.2,additions_of_O2,O2_additions_1,12.05.2025,61600000
6.75,NV1,2.1,undisturbed_production,O2_additions_1,12.05.2025,61600000
6.75,NV2,2.8,undisturbed_production,O2_additions_1,12.05.2025,61600000
6.75,NV3,2.7,undisturbed_production,O2_additions_1,12.05.2025,61600000
6.75,NV4,2.7,undisturbed_production,O2_additions_1,12.05.2025,61600000
6.75,NV6,1.1,additions_of_O2,O2_additions_1,12.05.2025,61600000
6.75,NV7,1.7,additions_of_O2,O2_additions_1,12.05.2025,61600000
6.75,NV8,1.3,additions_of_O2,O2_additions_1,12.05.2025,61600000
7.5,NV1,2.3,undisturbed_production,O2_additions_1,12.05.2025,61600000
7.5,NV2,2.9,undisturbed_production,O2_additions_1,12.05.2025,61600000
7.5,NV3,2.8,undisturbed_production,O2_additions_1,12.05.2025,61600000
7.5,NV4,2.8,undisturbed_production,O2_additions_1,12.05.2025,61600000
7.5,NV6,1.4,additions_of_O2,O2_additions_1,12.05.2025,61600000
7.5,NV7,1.9,additions_of_O2,O2_additions_1,12.05.2025,61600000
7.5,NV8,1.6,additions_of_O2,O2_additions_1,12.05.2025,61600000
11.5,NV1,2.6,undisturbed_production,O2_additions_1,12.05.2025,61600000
11.5,NV2,3.2,undisturbed_production,O2_additions_1,12.05.2025,61600000
11.5,NV3,3.1,undisturbed_production,O2_additions_1,12.05.2025,61600000
11.5,NV4,3.2,undisturbed_production,O2_additions_1,12.05.2025,61600000
11.5,NV6,2.1,additions_of_O2,O2_additions_1,12.05.2025,61600000
11.5,NV7,2.5,additions_of_O2,O2_additions_1,12.05.2025,61600000
11.5,NV8,2.2,additions_of_O2,O2_additions_1,12.05.2025,61600000
23,NV1,3.2,undisturbed_production,O2_additions_1,12.05.2025,61600000
23,NV2,3.5,undisturbed_production,O2_additions_1,12.05.2025,61600000
23,NV3,3.4,undisturbed_production,O2_additions_1,12.05.2025,61600000
23,NV4,3.5,undisturbed_production,O2_additions_1,12.05.2025,61600000
23,NV6,3.5,additions_of_O2,O2_additions_1,12.05.2025,61600000
23,NV7,3.1,additions_of_O2,O2_additions_1,12.05.2025,61600000
23,NV8,2.7,additions_of_O2,O2_additions_1,12.05.2025,61600000
24,NV1,3.3,undisturbed_production,O2_additions_1,12.05.2025,61600000
24,NV2,3.6,undisturbed_production,O2_additions_1,12.05.2025,61600000
24,NV3,3.5,undisturbed_production,O2_additions_1,12.05.2025,61600000
24,NV4,3.5,undisturbed_production,O2_additions_1,12.05.2025,61600000
24,NV6,3.5,additions_of_O2,O2_additions_1,12.05.2025,61600000
24,NV7,3.1,additions_of_O2,O2_additions_1,12.05.2025,61600000
24,NV8,2.8,additions_of_O2,O2_additions_1,12.05.2025,61600000
0,NV1,1,undisturbed_production,O2_additions_2,15.05.2025,49335435.11
0,NV2,1.3,undisturbed_production,O2_additions_2,15.05.2025,49335435.11
0,NV3,0.4,undisturbed_production,O2_additions_2,15.05.2025,49335435.11
0,NV4,1.7,undisturbed_production,O2_additions_2,15.05.2025,49335435.11
0,NV5,0.7,additions_of_O2,O2_additions_2,15.05.2025,49335435.11
0,NV6,1.6,additions_of_O2,O2_additions_2,15.05.2025,49335435.11
0,NV7,0.7,additions_of_O2,O2_additions_2,15.05.2025,49335435.11
0,NV8,1.2,additions_of_O2,O2_additions_2,15.05.2025,49335435.11
0.016666667,NV1,1.5,undisturbed_production,O2_additions_2,15.05.2025,49335435.11
0.016666667,NV2,1.7,undisturbed_production,O2_additions_2,15.05.2025,49335435.11
0.016666667,NV3,0.96,undisturbed_production,O2_additions_2,15.05.2025,49335435.11
0.016666667,NV4,1.8,undisturbed_production,O2_additions_2,15.05.2025,49335435.11
0.016666667,NV5,1.1,additions_of_O2,O2_additions_2,15.05.2025,49335435.11
0.016666667,NV6,1.6,additions_of_O2,O2_additions_2,15.05.2025,49335435.11
0.016666667,NV7,1.2,additions_of_O2,O2_additions_2,15.05.2025,49335435.11
0.016666667,NV8,1.5,additions_of_O2,O2_additions_2,15.05.2025,49335435.11
0.05,NV1,1.3,undisturbed_production,O2_additions_2,15.05.2025,49335435.11
0.05,NV2,0.8,undisturbed_production,O2_additions_2,15.05.2025,49335435.11
0.05,NV3,0.6,undisturbed_production,O2_additions_2,15.05.2025,49335435.11
0.05,NV4,0.8,undisturbed_production,O2_additions_2,15.05.2025,49335435.11
0.05,NV5,0.7,additions_of_O2,O2_additions_2,15.05.2025,49335435.11
0.05,NV6,0.7,additions_of_O2,O2_additions_2,15.05.2025,49335435.11
0.05,NV7,0.8,additions_of_O2,O2_additions_2,15.05.2025,49335435.11
0.05,NV8,0.99,additions_of_O2,O2_additions_2,15.05.2025,49335435.11
0.116666667,NV1,0.9,undisturbed_production,O2_additions_2,15.05.2025,49335435.11
0.116666667,NV2,0.41,undisturbed_production,O2_additions_2,15.05.2025,49335435.11
0.116666667,NV3,0.31,undisturbed_production,O2_additions_2,15.05.2025,49335435.11
0.116666667,NV4,0.44,undisturbed_production,O2_additions_2,15.05.2025,49335435.11
0.116666667,NV5,0.36,additions_of_O2,O2_additions_2,15.05.2025,49335435.11
0.116666667,NV6,0.37,additions_of_O2,O2_additions_2,15.05.2025,49335435.11
0.116666667,NV7,0.46,additions_of_O2,O2_additions_2,15.05.2025,49335435.11
0.116666667,NV8,0.48,additions_of_O2,O2_additions_2,15.05.2025,49335435.11
0.166666667,NV1,0.56,undisturbed_production,O2_additions_2,15.05.2025,49335435.11
0.166666667,NV2,0.36,undisturbed_production,O2_additions_2,15.05.2025,49335435.11
0.166666667,NV3,0.27,undisturbed_production,O2_additions_2,15.05.2025,49335435.11
0.166666667,NV4,0.36,undisturbed_production,O2_additions_2,15.05.2025,49335435.11
0.166666667,NV5,0.3,additions_of_O2,O2_additions_2,15.05.2025,49335435.11
0.166666667,NV6,0.35,additions_of_O2,O2_additions_2,15.05.2025,49335435.11
0.166666667,NV7,0.35,additions_of_O2,O2_additions_2,15.05.2025,49335435.11
0.166666667,NV8,0.31,additions_of_O2,O2_additions_2,15.05.2025,49335435.11
0.25,NV1,0.31,undisturbed_production,O2_additions_2,15.05.2025,49335435.11
0.25,NV2,0.38,undisturbed_production,O2_additions_2,15.05.2025,49335435.11
0.25,NV3,0.24,undisturbed_production,O2_additions_2,15.05.2025,49335435.11
0.25,NV4,0.35,undisturbed_production,O2_additions_2,15.05.2025,49335435.11
0.25,NV5,0.33,additions_of_O2,O2_additions_2,15.05.2025,49335435.11
0.25,NV6,0.34,additions_of_O2,O2_additions_2,15.05.2025,49335435.11
0.25,NV7,0.36,additions_of_O2,O2_additions_2,15.05.2025,49335435.11
0.25,NV8,0.27,additions_of_O2,O2_additions_2,15.05.2025,49335435.11
0.333333333,NV1,0.4,undisturbed_production,O2_additions_2,15.05.2025,49335435.11
0.333333333,NV2,0.44,undisturbed_production,O2_additions_2,15.05.2025,49335435.11
0.333333333,NV3,0.34,undisturbed_production,O2_additions_2,15.05.2025,49335435.11
0.333333333,NV4,0.42,undisturbed_production,O2_additions_2,15.05.2025,49335435.11
0.333333333,NV5,0.38,additions_of_O2,O2_additions_2,15.05.2025,49335435.11
0.333333333,NV6,0.46,additions_of_O2,O2_additions_2,15.05.2025,49335435.11
0.333333333,NV7,0.4,additions_of_O2,O2_additions_2,15.05.2025,49335435.11
0.333333333,NV8,0.36,additions_of_O2,O2_additions_2,15.05.2025,49335435.11
0.5,NV1,0.57,undisturbed_production,O2_additions_2,15.05.2025,49335435.11
0.5,NV2,0.54,undisturbed_production,O2_additions_2,15.05.2025,49335435.11
0.5,NV3,0.46,undisturbed_production,O2_additions_2,15.05.2025,49335435.11
0.5,NV4,0.52,undisturbed_production,O2_additions_2,15.05.2025,49335435.11
0.5,NV5,0.44,additions_of_O2,O2_additions_2,15.05.2025,49335435.11
0.5,NV6,0.36,additions_of_O2,O2_additions_2,15.05.2025,49335435.11
0.5,NV7,0.53,additions_of_O2,O2_additions_2,15.05.2025,49335435.11
0.5,NV8,0.41,additions_of_O2,O2_additions_2,15.05.2025,49335435.11
0.75,NV1,0.62,undisturbed_production,O2_additions_2,15.05.2025,49335435.11
0.75,NV2,0.66,undisturbed_production,O2_additions_2,15.05.2025,49335435.11
0.75,NV3,0.59,undisturbed_production,O2_additions_2,15.05.2025,49335435.11
0.75,NV4,0.62,undisturbed_production,O2_additions_2,15.05.2025,49335435.11
0.75,NV5,0.62,additions_of_O2,O2_additions_2,15.05.2025,49335435.11
0.75,NV6,0.68,additions_of_O2,O2_additions_2,15.05.2025,49335435.11
0.75,NV7,0.64,additions_of_O2,O2_additions_2,15.05.2025,49335435.11
0.75,NV8,0.54,additions_of_O2,O2_additions_2,15.05.2025,49335435.11
1,NV1,0.78,undisturbed_production,O2_additions_2,15.05.2025,49335435.11
1,NV2,0.87,undisturbed_production,O2_additions_2,15.05.2025,49335435.11
1,NV3,0.81,undisturbed_production,O2_additions_2,15.05.2025,49335435.11
1,NV4,0.82,undisturbed_production,O2_additions_2,15.05.2025,49335435.11
1,NV5,0.85,additions_of_O2,O2_additions_2,15.05.2025,49335435.11
1,NV6,0.9,additions_of_O2,O2_additions_2,15.05.2025,49335435.11
1,NV7,0.89,additions_of_O2,O2_additions_2,15.05.2025,49335435.11
1,NV8,0.78,additions_of_O2,O2_additions_2,15.05.2025,49335435.11
1.25,NV1,0.95,undisturbed_production,O2_additions_2,15.05.2025,49335435.11
1.25,NV2,0.97,undisturbed_production,O2_additions_2,15.05.2025,49335435.11
1.25,NV3,0.93,undisturbed_production,O2_additions_2,15.05.2025,49335435.11
1.25,NV4,0.91,undisturbed_production,O2_additions_2,15.05.2025,49335435.11
1.25,NV5,0.95,additions_of_O2,O2_additions_2,15.05.2025,49335435.11
1.25,NV6,1,additions_of_O2,O2_additions_2,15.05.2025,49335435.11
1.25,NV7,1,additions_of_O2,O2_additions_2,15.05.2025,49335435.11
1.25,NV8,0.91,additions_of_O2,O2_additions_2,15.05.2025,49335435.11
1.26,NV1,1.815,undisturbed_production,O2_additions_2,15.05.2025,49335435.11
1.26,NV2,1.835,undisturbed_production,O2_additions_2,15.05.2025,49335435.11
1.26,NV3,1.795,undisturbed_production,O2_additions_2,15.05.2025,49335435.11
1.26,NV4,1.775,undisturbed_production,O2_additions_2,15.05.2025,49335435.11
1.26,NV5,2.68,additions_of_O2,O2_additions_2,15.05.2025,49335435.11
1.26,NV6,2.73,additions_of_O2,O2_additions_2,15.05.2025,49335435.11
1.26,NV7,2.73,additions_of_O2,O2_additions_2,15.05.2025,49335435.11
1.26,NV8,2.64,additions_of_O2,O2_additions_2,15.05.2025,49335435.11
1.333333333,NV1,1.5,undisturbed_production,O2_additions_2,15.05.2025,49335435.11
1.333333333,NV2,1.3,undisturbed_production,O2_additions_2,15.05.2025,49335435.11
1.333333333,NV3,1.3,undisturbed_production,O2_additions_2,15.05.2025,49335435.11
1.333333333,NV4,1.2,undisturbed_production,O2_additions_2,15.05.2025,49335435.11
1.333333333,NV5,1.5,additions_of_O2,O2_additions_2,15.05.2025,49335435.11
1.333333333,NV6,1.7,additions_of_O2,O2_additions_2,15.05.2025,49335435.11
1.333333333,NV7,2.2,additions_of_O2,O2_additions_2,15.05.2025,49335435.11
1.333333333,NV8,1.7,additions_of_O2,O2_additions_2,15.05.2025,49335435.11
1.416666667,NV1,0.98,undisturbed_production,O2_additions_2,15.05.2025,49335435.11
1.416666667,NV2,0.76,undisturbed_production,O2_additions_2,15.05.2025,49335435.11
1.416666667,NV3,0.71,undisturbed_production,O2_additions_2,15.05.2025,49335435.11
1.416666667,NV4,0.73,undisturbed_production,O2_additions_2,15.05.2025,49335435.11
1.416666667,NV5,0.64,additions_of_O2,O2_additions_2,15.05.2025,49335435.11
1.416666667,NV6,0.65,additions_of_O2,O2_additions_2,15.05.2025,49335435.11
1.416666667,NV7,0.78,additions_of_O2,O2_additions_2,15.05.2025,49335435.11
1.416666667,NV8,0.8,additions_of_O2,O2_additions_2,15.05.2025,49335435.11
1.5,NV1,0.74,undisturbed_production,O2_additions_2,15.05.2025,49335435.11
1.5,NV2,0.67,undisturbed_production,O2_additions_2,15.05.2025,49335435.11
1.5,NV3,0.62,undisturbed_production,O2_additions_2,15.05.2025,49335435.11
1.5,NV4,0.64,undisturbed_production,O2_additions_2,15.05.2025,49335435.11
1.5,NV5,0.32,additions_of_O2,O2_additions_2,15.05.2025,49335435.11
1.5,NV6,0.37,additions_of_O2,O2_additions_2,15.05.2025,49335435.11
1.5,NV7,0.37,additions_of_O2,O2_additions_2,15.05.2025,49335435.11
1.5,NV8,0.3,additions_of_O2,O2_additions_2,15.05.2025,49335435.11
1.583333333,NV1,0.71,undisturbed_production,O2_additions_2,15.05.2025,49335435.11
1.583333333,NV2,0.69,undisturbed_production,O2_additions_2,15.05.2025,49335435.11
1.583333333,NV3,0.73,undisturbed_production,O2_additions_2,15.05.2025,49335435.11
1.583333333,NV4,0.65,undisturbed_production,O2_additions_2,15.05.2025,49335435.11
1.583333333,NV5,0.34,additions_of_O2,O2_additions_2,15.05.2025,49335435.11
1.583333333,NV6,0.4,additions_of_O2,O2_additions_2,15.05.2025,49335435.11
1.583333333,NV7,0.36,additions_of_O2,O2_additions_2,15.05.2025,49335435.11
1.583333333,NV8,0.26,additions_of_O2,O2_additions_2,15.05.2025,49335435.11
1.75,NV1,0.8,undisturbed_production,O2_additions_2,15.05.2025,49335435.11
1.75,NV2,0.73,undisturbed_production,O2_additions_2,15.05.2025,49335435.11
1.75,NV3,0.76,undisturbed_production,O2_additions_2,15.05.2025,49335435.11
1.75,NV4,0.69,undisturbed_production,O2_additions_2,15.05.2025,49335435.11
1.75,NV5,0.39,additions_of_O2,O2_additions_2,15.05.2025,49335435.11
1.75,NV6,0.44,additions_of_O2,O2_additions_2,15.05.2025,49335435.11
1.75,NV7,0.4,additions_of_O2,O2_additions_2,15.05.2025,49335435.11
1.75,NV8,0.28,additions_of_O2,O2_additions_2,15.05.2025,49335435.11
2,NV1,0.95,undisturbed_production,O2_additions_2,15.05.2025,49335435.11
2,NV2,0.8,undisturbed_production,O2_additions_2,15.05.2025,49335435.11
2,NV3,0.84,undisturbed_production,O2_additions_2,15.05.2025,49335435.11
2,NV4,0.78,undisturbed_production,O2_additions_2,15.05.2025,49335435.11
2,NV5,0.52,additions_of_O2,O2_additions_2,15.05.2025,49335435.11
2,NV6,0.57,additions_of_O2,O2_additions_2,15.05.2025,49335435.11
2,NV7,0.55,additions_of_O2,O2_additions_2,15.05.2025,49335435.11
2,NV8,0.41,additions_of_O2,O2_additions_2,15.05.2025,49335435.11
2.25,NV1,1,undisturbed_production,O2_additions_2,15.05.2025,49335435.11
2.25,NV2,0.98,undisturbed_production,O2_additions_2,15.05.2025,49335435.11
2.25,NV3,1,undisturbed_production,O2_additions_2,15.05.2025,49335435.11
2.25,NV4,0.89,undisturbed_production,O2_additions_2,15.05.2025,49335435.11
2.25,NV5,0.7,additions_of_O2,O2_additions_2,15.05.2025,49335435.11
2.25,NV6,0.75,additions_of_O2,O2_additions_2,15.05.2025,49335435.11
2.25,NV7,0.73,additions_of_O2,O2_additions_2,15.05.2025,49335435.11
2.25,NV8,0.61,additions_of_O2,O2_additions_2,15.05.2025,49335435.11
3,NV1,1.1,undisturbed_production,O2_additions_2,15.05.2025,49335435.11
3,NV2,1.3,undisturbed_production,O2_additions_2,15.05.2025,49335435.11
3,NV3,1.3,undisturbed_production,O2_additions_2,15.05.2025,49335435.11
3,NV4,1.2,undisturbed_production,O2_additions_2,15.05.2025,49335435.11
3,NV5,1.1,additions_of_O2,O2_additions_2,15.05.2025,49335435.11
3,NV6,1.1,additions_of_O2,O2_additions_2,15.05.2025,49335435.11
3,NV7,1.1,additions_of_O2,O2_additions_2,15.05.2025,49335435.11
3,NV8,1.1,additions_of_O2,O2_additions_2,15.05.2025,49335435.11
3.25,NV1,1.2,undisturbed_production,O2_additions_2,15.05.2025,49335435.11
3.25,NV2,1.4,undisturbed_production,O2_additions_2,15.05.2025,49335435.11
3.25,NV3,1.4,undisturbed_production,O2_additions_2,15.05.2025,49335435.11
3.25,NV4,1.3,undisturbed_production,O2_additions_2,15.05.2025,49335435.11
3.25,NV5,1.2,additions_of_O2,O2_additions_2,15.05.2025,49335435.11
3.25,NV6,1.1,additions_of_O2,O2_additions_2,15.05.2025,49335435.11
3.25,NV7,1.1,additions_of_O2,O2_additions_2,15.05.2025,49335435.11
3.25,NV8,1.2,additions_of_O2,O2_additions_2,15.05.2025,49335435.11
3.26,NV1,NA,undisturbed_production,O2_additions_2,15.05.2025,49335435.11
3.26,NV2,NA,undisturbed_production,O2_additions_2,15.05.2025,49335435.11
3.26,NV3,NA,undisturbed_production,O2_additions_2,15.05.2025,49335435.11
3.26,NV4,NA,undisturbed_production,O2_additions_2,15.05.2025,49335435.11
3.26,NV5,2.93,additions_of_O2,O2_additions_2,15.05.2025,49335435.11
3.26,NV6,2.83,additions_of_O2,O2_additions_2,15.05.2025,49335435.11
3.26,NV7,2.83,additions_of_O2,O2_additions_2,15.05.2025,49335435.11
3.26,NV8,2.93,additions_of_O2,O2_additions_2,15.05.2025,49335435.11
3.283333333,NV1,NA,undisturbed_production,O2_additions_2,15.05.2025,49335435.11
3.283333333,NV2,NA,undisturbed_production,O2_additions_2,15.05.2025,49335435.11
3.283333333,NV3,NA,undisturbed_production,O2_additions_2,15.05.2025,49335435.11
3.283333333,NV4,NA,undisturbed_production,O2_additions_2,15.05.2025,49335435.11
3.283333333,NV5,2.1,additions_of_O2,O2_additions_2,15.05.2025,49335435.11
3.283333333,NV6,2.2,additions_of_O2,O2_additions_2,15.05.2025,49335435.11
3.283333333,NV7,2.5,additions_of_O2,O2_additions_2,15.05.2025,49335435.11
3.283333333,NV8,2.2,additions_of_O2,O2_additions_2,15.05.2025,49335435.11
3.333333333,NV1,NA,undisturbed_production,O2_additions_2,15.05.2025,49335435.11
3.333333333,NV2,NA,undisturbed_production,O2_additions_2,15.05.2025,49335435.11
3.333333333,NV3,NA,undisturbed_production,O2_additions_2,15.05.2025,49335435.11
3.333333333,NV4,NA,undisturbed_production,O2_additions_2,15.05.2025,49335435.11
3.333333333,NV5,1.2,additions_of_O2,O2_additions_2,15.05.2025,49335435.11
3.333333333,NV6,1.4,additions_of_O2,O2_additions_2,15.05.2025,49335435.11
3.333333333,NV7,1.4,additions_of_O2,O2_additions_2,15.05.2025,49335435.11
3.333333333,NV8,1.2,additions_of_O2,O2_additions_2,15.05.2025,49335435.11
3.416666667,NV1,NA,undisturbed_production,O2_additions_2,15.05.2025,49335435.11
3.416666667,NV2,NA,undisturbed_production,O2_additions_2,15.05.2025,49335435.11
3.416666667,NV3,NA,undisturbed_production,O2_additions_2,15.05.2025,49335435.11
3.416666667,NV4,NA,undisturbed_production,O2_additions_2,15.05.2025,49335435.11
3.416666667,NV5,0.46,additions_of_O2,O2_additions_2,15.05.2025,49335435.11
3.416666667,NV6,0.56,additions_of_O2,O2_additions_2,15.05.2025,49335435.11
3.416666667,NV7,0.51,additions_of_O2,O2_additions_2,15.05.2025,49335435.11
3.416666667,NV8,0.53,additions_of_O2,O2_additions_2,15.05.2025,49335435.11
3.5,NV1,1.3,undisturbed_production,O2_additions_2,15.05.2025,49335435.11
3.5,NV2,1.5,undisturbed_production,O2_additions_2,15.05.2025,49335435.11
3.5,NV3,1.5,undisturbed_production,O2_additions_2,15.05.2025,49335435.11
3.5,NV4,1.4,undisturbed_production,O2_additions_2,15.05.2025,49335435.11
3.5,NV5,0.33,additions_of_O2,O2_additions_2,15.05.2025,49335435.11
3.5,NV6,0.37,additions_of_O2,O2_additions_2,15.05.2025,49335435.11
3.5,NV7,0.4,additions_of_O2,O2_additions_2,15.05.2025,49335435.11
3.5,NV8,0.3,additions_of_O2,O2_additions_2,15.05.2025,49335435.11
3.666666667,NV1,NA,undisturbed_production,O2_additions_2,15.05.2025,49335435.11
3.666666667,NV2,NA,undisturbed_production,O2_additions_2,15.05.2025,49335435.11
3.666666667,NV3,NA,undisturbed_production,O2_additions_2,15.05.2025,49335435.11
3.666666667,NV4,NA,undisturbed_production,O2_additions_2,15.05.2025,49335435.11
3.666666667,NV5,0.41,additions_of_O2,O2_additions_2,15.05.2025,49335435.11
3.666666667,NV6,0.42,additions_of_O2,O2_additions_2,15.05.2025,49335435.11
3.666666667,NV7,0.45,additions_of_O2,O2_additions_2,15.05.2025,49335435.11
3.666666667,NV8,0.3,additions_of_O2,O2_additions_2,15.05.2025,49335435.11
4,NV1,1.5,undisturbed_production,O2_additions_2,15.05.2025,49335435.11
4,NV2,1.7,undisturbed_production,O2_additions_2,15.05.2025,49335435.11
4,NV3,1.7,undisturbed_production,O2_additions_2,15.05.2025,49335435.11
4,NV4,1.5,undisturbed_production,O2_additions_2,15.05.2025,49335435.11
4,NV5,0.65,additions_of_O2,O2_additions_2,15.05.2025,49335435.11
4,NV6,0.67,additions_of_O2,O2_additions_2,15.05.2025,49335435.11
4,NV7,0.71,additions_of_O2,O2_additions_2,15.05.2025,49335435.11
4,NV8,0.57,additions_of_O2,O2_additions_2,15.05.2025,49335435.11
5,NV1,1.8,undisturbed_production,O2_additions_2,15.05.2025,49335435.11
5,NV2,2,undisturbed_production,O2_additions_2,15.05.2025,49335435.11
5,NV3,2,undisturbed_production,O2_additions_2,15.05.2025,49335435.11
5,NV4,1.8,undisturbed_production,O2_additions_2,15.05.2025,49335435.11
5,NV5,1.1,additions_of_O2,O2_additions_2,15.05.2025,49335435.11
5,NV6,1.1,additions_of_O2,O2_additions_2,15.05.2025,49335435.11
5,NV7,1.1,additions_of_O2,O2_additions_2,15.05.2025,49335435.11
5,NV8,1,additions_of_O2,O2_additions_2,15.05.2025,49335435.11
6,NV1,2.1,undisturbed_production,O2_additions_2,15.05.2025,49335435.11
6,NV2,2.3,undisturbed_production,O2_additions_2,15.05.2025,49335435.11
6,NV3,2.4,undisturbed_production,O2_additions_2,15.05.2025,49335435.11
6,NV4,2.2,undisturbed_production,O2_additions_2,15.05.2025,49335435.11
6,NV5,1.4,additions_of_O2,O2_additions_2,15.05.2025,49335435.11
6,NV6,1.5,additions_of_O2,O2_additions_2,15.05.2025,49335435.11
6,NV7,1.4,additions_of_O2,O2_additions_2,15.05.2025,49335435.11
6,NV8,1.5,additions_of_O2,O2_additions_2,15.05.2025,49335435.11
6.025,NV1,NA,undisturbed_production,O2_additions_2,15.05.2025,49335435.11
6.025,NV2,NA,undisturbed_production,O2_additions_2,15.05.2025,49335435.11
6.025,NV3,NA,undisturbed_production,O2_additions_2,15.05.2025,49335435.11
6.025,NV4,NA,undisturbed_production,O2_additions_2,15.05.2025,49335435.11
6.025,NV5,3.13,additions_of_O2,O2_additions_2,15.05.2025,49335435.11
6.025,NV6,3.23,additions_of_O2,O2_additions_2,15.05.2025,49335435.11
6.025,NV7,3.13,additions_of_O2,O2_additions_2,15.05.2025,49335435.11
6.025,NV8,3.23,additions_of_O2,O2_additions_2,15.05.2025,49335435.11
6.05,NV1,NA,undisturbed_production,O2_additions_2,15.05.2025,49335435.11
6.05,NV2,NA,undisturbed_production,O2_additions_2,15.05.2025,49335435.11
6.05,NV3,NA,undisturbed_production,O2_additions_2,15.05.2025,49335435.11
6.05,NV4,NA,undisturbed_production,O2_additions_2,15.05.2025,49335435.11
6.05,NV5,2.3,additions_of_O2,O2_additions_2,15.05.2025,49335435.11
6.05,NV6,2.4,additions_of_O2,O2_additions_2,15.05.2025,49335435.11
6.05,NV7,2.5,additions_of_O2,O2_additions_2,15.05.2025,49335435.11
6.05,NV8,2.5,additions_of_O2,O2_additions_2,15.05.2025,49335435.11
6.083333333,NV1,NA,undisturbed_production,O2_additions_2,15.05.2025,49335435.11
6.083333333,NV2,NA,undisturbed_production,O2_additions_2,15.05.2025,49335435.11
6.083333333,NV3,NA,undisturbed_production,O2_additions_2,15.05.2025,49335435.11
6.083333333,NV4,NA,undisturbed_production,O2_additions_2,15.05.2025,49335435.11
6.083333333,NV5,1,additions_of_O2,O2_additions_2,15.05.2025,49335435.11
6.083333333,NV6,1.2,additions_of_O2,O2_additions_2,15.05.2025,49335435.11
6.083333333,NV7,1.3,additions_of_O2,O2_additions_2,15.05.2025,49335435.11
6.083333333,NV8,1.3,additions_of_O2,O2_additions_2,15.05.2025,49335435.11
6.25,NV1,NA,undisturbed_production,O2_additions_2,15.05.2025,49335435.11
6.25,NV2,NA,undisturbed_production,O2_additions_2,15.05.2025,49335435.11
6.25,NV3,NA,undisturbed_production,O2_additions_2,15.05.2025,49335435.11
6.25,NV4,NA,undisturbed_production,O2_additions_2,15.05.2025,49335435.11
6.25,NV5,0.6,additions_of_O2,O2_additions_2,15.05.2025,49335435.11
6.25,NV6,0.66,additions_of_O2,O2_additions_2,15.05.2025,49335435.11
6.25,NV7,0.6,additions_of_O2,O2_additions_2,15.05.2025,49335435.11
6.25,NV8,0.6,additions_of_O2,O2_additions_2,15.05.2025,49335435.11
6.333333333,NV1,NA,undisturbed_production,O2_additions_2,15.05.2025,49335435.11
6.333333333,NV2,NA,undisturbed_production,O2_additions_2,15.05.2025,49335435.11
6.333333333,NV3,NA,undisturbed_production,O2_additions_2,15.05.2025,49335435.11
6.333333333,NV4,NA,undisturbed_production,O2_additions_2,15.05.2025,49335435.11
6.333333333,NV5,0.56,additions_of_O2,O2_additions_2,15.05.2025,49335435.11
6.333333333,NV6,0.51,additions_of_O2,O2_additions_2,15.05.2025,49335435.11
6.333333333,NV7,0.61,additions_of_O2,O2_additions_2,15.05.2025,49335435.11
6.333333333,NV8,0.5,additions_of_O2,O2_additions_2,15.05.2025,49335435.11
6.5,NV1,NA,undisturbed_production,O2_additions_2,15.05.2025,49335435.11
6.5,NV2,NA,undisturbed_production,O2_additions_2,15.05.2025,49335435.11
6.5,NV3,NA,undisturbed_production,O2_additions_2,15.05.2025,49335435.11
6.5,NV4,NA,undisturbed_production,O2_additions_2,15.05.2025,49335435.11
6.5,NV5,0.62,additions_of_O2,O2_additions_2,15.05.2025,49335435.11
6.5,NV6,0.56,additions_of_O2,O2_additions_2,15.05.2025,49335435.11
6.5,NV7,0.67,additions_of_O2,O2_additions_2,15.05.2025,49335435.11
6.5,NV8,0.54,additions_of_O2,O2_additions_2,15.05.2025,49335435.11
7,NV1,2.3,undisturbed_production,O2_additions_2,15.05.2025,49335435.11
7,NV2,2.4,undisturbed_production,O2_additions_2,15.05.2025,49335435.11
7,NV3,2.5,undisturbed_production,O2_additions_2,15.05.2025,49335435.11
7,NV4,2.4,undisturbed_production,O2_additions_2,15.05.2025,49335435.11
7,NV5,0.73,additions_of_O2,O2_additions_2,15.05.2025,49335435.11
7,NV6,0.74,additions_of_O2,O2_additions_2,15.05.2025,49335435.11
7,NV7,0.84,additions_of_O2,O2_additions_2,15.05.2025,49335435.11
7,NV8,0.72,additions_of_O2,O2_additions_2,15.05.2025,49335435.11
7.5,NV1,2.4,undisturbed_production,O2_additions_2,15.05.2025,49335435.11
7.5,NV2,2.5,undisturbed_production,O2_additions_2,15.05.2025,49335435.11
7.5,NV3,2.6,undisturbed_production,O2_additions_2,15.05.2025,49335435.11
7.5,NV4,2.4,undisturbed_production,O2_additions_2,15.05.2025,49335435.11
7.5,NV5,0.99,additions_of_O2,O2_additions_2,15.05.2025,49335435.11
7.5,NV6,1,additions_of_O2,O2_additions_2,15.05.2025,49335435.11
7.5,NV7,0.92,additions_of_O2,O2_additions_2,15.05.2025,49335435.11
7.5,NV8,0.93,additions_of_O2,O2_additions_2,15.05.2025,49335435.11
23,NV1,2.9,undisturbed_production,O2_additions_2,15.05.2025,49335435.11
23,NV2,3.2,undisturbed_production,O2_additions_2,15.05.2025,49335435.11
23,NV3,3.4,undisturbed_production,O2_additions_2,15.05.2025,49335435.11
23,NV4,3,undisturbed_production,O2_additions_2,15.05.2025,49335435.11
23,NV5,2.7,additions_of_O2,O2_additions_2,15.05.2025,49335435.11
23,NV6,2.9,additions_of_O2,O2_additions_2,15.05.2025,49335435.11
23,NV7,2.9,additions_of_O2,O2_additions_2,15.05.2025,49335435.11
23,NV8,2.9,additions_of_O2,O2_additions_2,15.05.2025,49335435.11
24,NV1,2.9,undisturbed_production,O2_additions_2,15.05.2025,49335435.11
24,NV2,3.2,undisturbed_production,O2_additions_2,15.05.2025,49335435.11
24,NV3,3.4,undisturbed_production,O2_additions_2,15.05.2025,49335435.11
24,NV4,3,undisturbed_production,O2_additions_2,15.05.2025,49335435.11
24,NV5,2.7,additions_of_O2,O2_additions_2,15.05.2025,49335435.11
24,NV6,2.9,additions_of_O2,O2_additions_2,15.05.2025,49335435.11
24,NV7,2.9,additions_of_O2,O2_additions_2,15.05.2025,49335435.11
24,NV8,2.9,additions_of_O2,O2_additions_2,15.05.2025,49335435.11
